time,frame,id_n,lat,lon,start_walk_frame,gear_withlvl,name
0,1,3623,51.91258111,4.472505078,60,1,H. Braaksma
0,1,3623,51.91258111,4.472505078,60,1,H. Braaksma
0,1,3641,51.91266677,4.473626744,150,1,S. Zlatanova
0,1,3641,51.91266677,4.473626744,150,1,S. Zlatanova
0,1,3685,51.91220568,4.473643508,150,2,J. Gil
0,1,3685,51.91220568,4.473643508,150,2,J. Gil
0,1,3611,51.91121444,4.473025175,150,4,S. van der Spek
0,1,3611,51.91121444,4.473025175,150,4,S. van der Spek
0,2,3623,51.91258111,4.472505078,60,1,H. Braaksma
0,2,3641,51.91266677,4.473626744,150,1,S. Zlatanova
0,2,3685,51.91220568,4.473643508,150,2,J. Gil
0,2,3611,51.91121444,4.473025175,150,4,S. van der Spek
0,3,3623,51.91258111,4.472505078,60,1,H. Braaksma
0,3,3641,51.91266677,4.473626744,150,1,S. Zlatanova
0,3,3685,51.91220568,4.473643508,150,2,J. Gil
0,3,3611,51.91121444,4.473025175,150,4,S. van der Spek
0,4,3623,51.91258111,4.472505078,60,1,H. Braaksma
0,4,3641,51.91266677,4.473626744,150,1,S. Zlatanova
0,4,3685,51.91220568,4.473643508,150,2,J. Gil
0,4,3611,51.91121444,4.473025175,150,4,S. van der Spek
0,5,3623,51.91258111,4.472505078,60,1,H. Braaksma
0,5,3641,51.91266677,4.473626744,150,1,S. Zlatanova
0,5,3685,51.91220568,4.473643508,150,2,J. Gil
0,5,3611,51.91121444,4.473025175,150,4,S. van der Spek
0,6,3623,51.91258111,4.472505078,60,1,H. Braaksma
0,6,3641,51.91266677,4.473626744,150,1,S. Zlatanova
0,6,3685,51.91220568,4.473643508,150,2,J. Gil
0,6,3611,51.91121444,4.473025175,150,4,S. van der Spek
0,7,3623,51.91258111,4.472505078,60,1,H. Braaksma
0,7,3641,51.91266677,4.473626744,150,1,S. Zlatanova
0,7,3685,51.91220568,4.473643508,150,2,J. Gil
0,7,3611,51.91121444,4.473025175,150,4,S. van der Spek
0,8,3623,51.91258111,4.472505078,60,1,H. Braaksma
0,8,3641,51.91266677,4.473626744,150,1,S. Zlatanova
0,8,3685,51.91220568,4.473643508,150,2,J. Gil
0,8,3611,51.91121444,4.473025175,150,4,S. van der Spek
0,9,3623,51.91258111,4.472505078,60,1,H. Braaksma
0,9,3641,51.91266677,4.473626744,150,1,S. Zlatanova
0,9,3685,51.91220568,4.473643508,150,2,J. Gil
0,9,3611,51.91121444,4.473025175,150,4,S. van der Spek
0,10,3623,51.91258111,4.472505078,60,1,H. Braaksma
0,10,3641,51.91266677,4.473626744,150,1,S. Zlatanova
0,10,3685,51.91220568,4.473643508,150,2,J. Gil
0,10,3611,51.91121444,4.473025175,150,4,S. van der Spek
0,11,3623,51.91258111,4.472505078,60,1,H. Braaksma
0,11,3641,51.91266677,4.473626744,150,1,S. Zlatanova
0,11,3685,51.91220568,4.473643508,150,2,J. Gil
0,11,3611,51.91121444,4.473025175,150,4,S. van der Spek
0,12,3623,51.91258111,4.472505078,60,1,H. Braaksma
0,12,3641,51.91266677,4.473626744,150,1,S. Zlatanova
0,12,3685,51.91220568,4.473643508,150,2,J. Gil
0,12,3611,51.91121444,4.473025175,150,4,S. van der Spek
0,13,3623,51.91258111,4.472505078,60,1,H. Braaksma
0,13,3641,51.91266677,4.473626744,150,1,S. Zlatanova
0,13,3685,51.91220568,4.473643508,150,2,J. Gil
0,13,3611,51.91121444,4.473025175,150,4,S. van der Spek
0,14,3623,51.91258111,4.472505078,60,1,H. Braaksma
0,14,3641,51.91266677,4.473626744,150,1,S. Zlatanova
0,14,3685,51.91220568,4.473643508,150,2,J. Gil
0,14,3611,51.91121444,4.473025175,150,4,S. van der Spek
0,15,3623,51.91258111,4.472505078,60,1,H. Braaksma
0,15,3641,51.91266677,4.473626744,150,1,S. Zlatanova
0,15,3685,51.91220568,4.473643508,150,2,J. Gil
0,15,3611,51.91121444,4.473025175,150,4,S. van der Spek
0,16,3623,51.91258111,4.472505078,60,1,H. Braaksma
0,16,3641,51.91266677,4.473626744,150,1,S. Zlatanova
0,16,3685,51.91220568,4.473643508,150,2,J. Gil
0,16,3611,51.91121444,4.473025175,150,4,S. van der Spek
0,17,3623,51.91258111,4.472505078,60,1,H. Braaksma
0,17,3641,51.91266677,4.473626744,150,1,S. Zlatanova
0,17,3685,51.91220568,4.473643508,150,2,J. Gil
0,17,3611,51.91121444,4.473025175,150,4,S. van der Spek
0,18,3623,51.91258111,4.472505078,60,1,H. Braaksma
0,18,3641,51.91266677,4.473626744,150,1,S. Zlatanova
0,18,3685,51.91220568,4.473643508,150,2,J. Gil
0,18,3611,51.91121444,4.473025175,150,4,S. van der Spek
0,19,3623,51.91258111,4.472505078,60,1,H. Braaksma
0,19,3641,51.91266677,4.473626744,150,1,S. Zlatanova
0,19,3685,51.91220568,4.473643508,150,2,J. Gil
0,19,3611,51.91121444,4.473025175,150,4,S. van der Spek
0,20,3623,51.91258111,4.472505078,60,1,H. Braaksma
0,20,3641,51.91266677,4.473626744,150,1,S. Zlatanova
0,20,3685,51.91220568,4.473643508,150,2,J. Gil
0,20,3611,51.91121444,4.473025175,150,4,S. van der Spek
0,21,3623,51.91258111,4.472505078,60,1,H. Braaksma
0,21,3641,51.91266677,4.473626744,150,1,S. Zlatanova
0,21,3685,51.91220568,4.473643508,150,2,J. Gil
0,21,3611,51.91121444,4.473025175,150,4,S. van der Spek
0,22,3623,51.91258111,4.472505078,60,1,H. Braaksma
0,22,3641,51.91266677,4.473626744,150,1,S. Zlatanova
0,22,3685,51.91220568,4.473643508,150,2,J. Gil
0,22,3611,51.91121444,4.473025175,150,4,S. van der Spek
0,23,3623,51.91258111,4.472505078,60,1,H. Braaksma
0,23,3641,51.91266677,4.473626744,150,1,S. Zlatanova
0,23,3685,51.91220568,4.473643508,150,2,J. Gil
0,23,3611,51.91121444,4.473025175,150,4,S. van der Spek
0,24,3623,51.91258111,4.472505078,60,1,H. Braaksma
0,24,3641,51.91266677,4.473626744,150,1,S. Zlatanova
0,24,3685,51.91220568,4.473643508,150,2,J. Gil
0,24,3611,51.91121444,4.473025175,150,4,S. van der Spek
0,25,3623,51.91258111,4.472505078,60,1,H. Braaksma
0,25,3641,51.91266677,4.473626744,150,1,S. Zlatanova
0,25,3685,51.91220568,4.473643508,150,2,J. Gil
0,25,3611,51.91121444,4.473025175,150,4,S. van der Spek
0,26,3623,51.91258111,4.472505078,60,1,H. Braaksma
0,26,3641,51.91266677,4.473626744,150,1,S. Zlatanova
0,26,3685,51.91220568,4.473643508,150,2,J. Gil
0,26,3611,51.91121444,4.473025175,150,4,S. van der Spek
0,27,3623,51.91258111,4.472505078,60,1,H. Braaksma
0,27,3641,51.91266677,4.473626744,150,1,S. Zlatanova
0,27,3685,51.91220568,4.473643508,150,2,J. Gil
0,27,3611,51.91121444,4.473025175,150,4,S. van der Spek
0,28,3623,51.91258111,4.472505078,60,1,H. Braaksma
0,28,3641,51.91266677,4.473626744,150,1,S. Zlatanova
0,28,3685,51.91220568,4.473643508,150,2,J. Gil
0,28,3611,51.91121444,4.473025175,150,4,S. van der Spek
0,29,3623,51.91258111,4.472505078,60,1,H. Braaksma
0,29,3641,51.91266677,4.473626744,150,1,S. Zlatanova
0,29,3685,51.91220568,4.473643508,150,2,J. Gil
0,29,3611,51.91121444,4.473025175,150,4,S. van der Spek
0,30,3623,51.91258111,4.472505078,60,1,H. Braaksma
0,30,3641,51.91266677,4.473626744,150,1,S. Zlatanova
0,30,3685,51.91220568,4.473643508,150,2,J. Gil
0,30,3611,51.91121444,4.473025175,150,4,S. van der Spek
0,31,3623,51.91258111,4.472505078,60,1,H. Braaksma
0,31,3641,51.91266677,4.473626744,150,1,S. Zlatanova
0,31,3685,51.91220568,4.473643508,150,2,J. Gil
0,31,3611,51.91121444,4.473025175,150,4,S. van der Spek
0,32,3623,51.91258111,4.472505078,60,1,H. Braaksma
0,32,3641,51.91266677,4.473626744,150,1,S. Zlatanova
0,32,3685,51.91220568,4.473643508,150,2,J. Gil
0,32,3611,51.91121444,4.473025175,150,4,S. van der Spek
0,33,3623,51.91258111,4.472505078,60,1,H. Braaksma
0,33,3641,51.91266677,4.473626744,150,1,S. Zlatanova
0,33,3685,51.91220568,4.473643508,150,2,J. Gil
0,33,3611,51.91121444,4.473025175,150,4,S. van der Spek
0,34,3623,51.91258111,4.472505078,60,1,H. Braaksma
0,34,3641,51.91266677,4.473626744,150,1,S. Zlatanova
0,34,3685,51.91220568,4.473643508,150,2,J. Gil
0,34,3611,51.91121444,4.473025175,150,4,S. van der Spek
0,35,3623,51.91258111,4.472505078,60,1,H. Braaksma
0,35,3641,51.91266677,4.473626744,150,1,S. Zlatanova
0,35,3685,51.91220568,4.473643508,150,2,J. Gil
0,35,3611,51.91121444,4.473025175,150,4,S. van der Spek
0,36,3623,51.91258111,4.472505078,60,1,H. Braaksma
0,36,3641,51.91266677,4.473626744,150,1,S. Zlatanova
0,36,3685,51.91220568,4.473643508,150,2,J. Gil
0,36,3611,51.91121444,4.473025175,150,4,S. van der Spek
0,37,3623,51.91258111,4.472505078,60,1,H. Braaksma
0,37,3641,51.91266677,4.473626744,150,1,S. Zlatanova
0,37,3685,51.91220568,4.473643508,150,2,J. Gil
0,37,3611,51.91121444,4.473025175,150,4,S. van der Spek
0,38,3623,51.91258111,4.472505078,60,1,H. Braaksma
0,38,3641,51.91266677,4.473626744,150,1,S. Zlatanova
0,38,3685,51.91220568,4.473643508,150,2,J. Gil
0,38,3611,51.91121444,4.473025175,150,4,S. van der Spek
0,39,3623,51.91258111,4.472505078,60,1,H. Braaksma
0,39,3641,51.91266677,4.473626744,150,1,S. Zlatanova
0,39,3685,51.91220568,4.473643508,150,2,J. Gil
0,39,3611,51.91121444,4.473025175,150,4,S. van der Spek
0,40,3623,51.91258111,4.472505078,60,1,H. Braaksma
0,40,3641,51.91266677,4.473626744,150,1,S. Zlatanova
0,40,3685,51.91220568,4.473643508,150,2,J. Gil
0,40,3611,51.91121444,4.473025175,150,4,S. van der Spek
0,41,3623,51.91258111,4.472505078,60,1,H. Braaksma
0,41,3641,51.91266677,4.473626744,150,1,S. Zlatanova
0,41,3685,51.91220568,4.473643508,150,2,J. Gil
0,41,3611,51.91121444,4.473025175,150,4,S. van der Spek
0,42,3623,51.91258111,4.472505078,60,1,H. Braaksma
0,42,3641,51.91266677,4.473626744,150,1,S. Zlatanova
0,42,3685,51.91220568,4.473643508,150,2,J. Gil
0,42,3611,51.91121444,4.473025175,150,4,S. van der Spek
0,43,3623,51.91258111,4.472505078,60,1,H. Braaksma
0,43,3641,51.91266677,4.473626744,150,1,S. Zlatanova
0,43,3685,51.91220568,4.473643508,150,2,J. Gil
0,43,3611,51.91121444,4.473025175,150,4,S. van der Spek
0,44,3623,51.91258111,4.472505078,60,1,H. Braaksma
0,44,3641,51.91266677,4.473626744,150,1,S. Zlatanova
0,44,3685,51.91220568,4.473643508,150,2,J. Gil
0,44,3611,51.91121444,4.473025175,150,4,S. van der Spek
0,45,3623,51.91258111,4.472505078,60,1,H. Braaksma
0,45,3641,51.91266677,4.473626744,150,1,S. Zlatanova
0,45,3685,51.91220568,4.473643508,150,2,J. Gil
0,45,3611,51.91121444,4.473025175,150,4,S. van der Spek
0,46,3623,51.91258111,4.472505078,60,1,H. Braaksma
0,46,3641,51.91266677,4.473626744,150,1,S. Zlatanova
0,46,3685,51.91220568,4.473643508,150,2,J. Gil
0,46,3611,51.91121444,4.473025175,150,4,S. van der Spek
0,47,3623,51.91258111,4.472505078,60,1,H. Braaksma
0,47,3641,51.91266677,4.473626744,150,1,S. Zlatanova
0,47,3685,51.91220568,4.473643508,150,2,J. Gil
0,47,3611,51.91121444,4.473025175,150,4,S. van der Spek
0,48,3623,51.91258111,4.472505078,60,1,H. Braaksma
0,48,3641,51.91266677,4.473626744,150,1,S. Zlatanova
0,48,3685,51.91220568,4.473643508,150,2,J. Gil
0,48,3611,51.91121444,4.473025175,150,4,S. van der Spek
0,49,3623,51.91258111,4.472505078,60,1,H. Braaksma
0,49,3641,51.91266677,4.473626744,150,1,S. Zlatanova
0,49,3685,51.91220568,4.473643508,150,2,J. Gil
0,49,3611,51.91121444,4.473025175,150,4,S. van der Spek
0,50,3623,51.91258111,4.472505078,60,1,H. Braaksma
0,50,3641,51.91266677,4.473626744,150,1,S. Zlatanova
0,50,3685,51.91220568,4.473643508,150,2,J. Gil
0,50,3611,51.91121444,4.473025175,150,4,S. van der Spek
0,51,3623,51.91258111,4.472505078,60,1,H. Braaksma
0,51,3641,51.91266677,4.473626744,150,1,S. Zlatanova
0,51,3685,51.91220568,4.473643508,150,2,J. Gil
0,51,3611,51.91121444,4.473025175,150,4,S. van der Spek
0,52,3623,51.91258111,4.472505078,60,1,H. Braaksma
0,52,3641,51.91266677,4.473626744,150,1,S. Zlatanova
0,52,3685,51.91220568,4.473643508,150,2,J. Gil
0,52,3611,51.91121444,4.473025175,150,4,S. van der Spek
0,53,3623,51.91258111,4.472505078,60,1,H. Braaksma
0,53,3641,51.91266677,4.473626744,150,1,S. Zlatanova
0,53,3685,51.91220568,4.473643508,150,2,J. Gil
0,53,3611,51.91121444,4.473025175,150,4,S. van der Spek
0,54,3623,51.91258111,4.472505078,60,1,H. Braaksma
0,54,3641,51.91266677,4.473626744,150,1,S. Zlatanova
0,54,3685,51.91220568,4.473643508,150,2,J. Gil
0,54,3611,51.91121444,4.473025175,150,4,S. van der Spek
0,55,3623,51.91258111,4.472505078,60,1,H. Braaksma
0,55,3641,51.91266677,4.473626744,150,1,S. Zlatanova
0,55,3685,51.91220568,4.473643508,150,2,J. Gil
0,55,3611,51.91121444,4.473025175,150,4,S. van der Spek
0,56,3623,51.91258111,4.472505078,60,1,H. Braaksma
0,56,3641,51.91266677,4.473626744,150,1,S. Zlatanova
0,56,3685,51.91220568,4.473643508,150,2,J. Gil
0,56,3611,51.91121444,4.473025175,150,4,S. van der Spek
0,57,3623,51.91258111,4.472505078,60,1,H. Braaksma
0,57,3641,51.91266677,4.473626744,150,1,S. Zlatanova
0,57,3685,51.91220568,4.473643508,150,2,J. Gil
0,57,3611,51.91121444,4.473025175,150,4,S. van der Spek
0,58,3623,51.91258111,4.472505078,60,1,H. Braaksma
0,58,3641,51.91266677,4.473626744,150,1,S. Zlatanova
0,58,3685,51.91220568,4.473643508,150,2,J. Gil
0,58,3611,51.91121444,4.473025175,150,4,S. van der Spek
0,59,3623,51.91258111,4.472505078,60,1,H. Braaksma
0,59,3641,51.91266677,4.473626744,150,1,S. Zlatanova
0,59,3685,51.91220568,4.473643508,150,2,J. Gil
0,59,3611,51.91121444,4.473025175,150,4,S. van der Spek
0,60,3623,51.91258111,4.472505078,60,1,H. Braaksma
0,60,3641,51.91266677,4.473626744,150,1,S. Zlatanova
0,60,3685,51.91220568,4.473643508,150,2,J. Gil
0,60,3611,51.91121444,4.473025175,150,4,S. van der Spek
0,61,3641,51.91266677,4.473626744,150,1,S. Zlatanova
0,61,3685,51.91220568,4.473643508,150,2,J. Gil
0,61,3611,51.91121444,4.473025175,150,4,S. van der Spek
0,62,3623,51.91258119,4.472505832,60,1,H. Braaksma
0,62,3641,51.91266677,4.473626744,150,1,S. Zlatanova
0,62,3685,51.91220568,4.473643508,150,2,J. Gil
0,62,3611,51.91121444,4.473025175,150,4,S. van der Spek
0,63,3623,51.91258078,4.472506838,60,1,H. Braaksma
0,63,3641,51.91266677,4.473626744,150,1,S. Zlatanova
0,63,3685,51.91220568,4.473643508,150,2,J. Gil
0,63,3611,51.91121444,4.473025175,150,4,S. van der Spek
0,64,3623,51.91258027,4.472507257,60,1,H. Braaksma
0,64,3641,51.91266677,4.473626744,150,1,S. Zlatanova
0,64,3685,51.91220568,4.473643508,150,2,J. Gil
0,64,3611,51.91121444,4.473025175,150,4,S. van der Spek
0,65,3623,51.91258036,4.472507425,60,1,H. Braaksma
0,65,3641,51.91266677,4.473626744,150,1,S. Zlatanova
0,65,3685,51.91220568,4.473643508,150,2,J. Gil
0,65,3611,51.91121444,4.473025175,150,4,S. van der Spek
0,66,3623,51.9125801,4.47250776,60,1,H. Braaksma
0,66,3641,51.91266677,4.473626744,150,1,S. Zlatanova
0,66,3685,51.91220568,4.473643508,150,2,J. Gil
0,66,3611,51.91121444,4.473025175,150,4,S. van der Spek
0,67,3623,51.91258052,4.47250776,60,1,H. Braaksma
0,67,3641,51.91266677,4.473626744,150,1,S. Zlatanova
0,67,3685,51.91220568,4.473643508,150,2,J. Gil
0,67,3611,51.91121444,4.473025175,150,4,S. van der Spek
0,68,3623,51.9125801,4.47250843,60,1,H. Braaksma
0,68,3641,51.91266677,4.473626744,150,1,S. Zlatanova
0,68,3685,51.91220568,4.473643508,150,2,J. Gil
0,68,3611,51.91121444,4.473025175,150,4,S. van der Spek
0,69,3623,51.91258036,4.472508933,60,1,H. Braaksma
0,69,3641,51.91266677,4.473626744,150,1,S. Zlatanova
0,69,3685,51.91220568,4.473643508,150,2,J. Gil
0,69,3611,51.91121444,4.473025175,150,4,S. van der Spek
0,70,3623,51.91258061,4.472508598,60,1,H. Braaksma
0,70,3641,51.91266677,4.473626744,150,1,S. Zlatanova
0,70,3685,51.91220568,4.473643508,150,2,J. Gil
0,70,3611,51.91121444,4.473025175,150,4,S. van der Spek
0,71,3623,51.91258069,4.47250843,60,1,H. Braaksma
0,71,3641,51.91266677,4.473626744,150,1,S. Zlatanova
0,71,3685,51.91220568,4.473643508,150,2,J. Gil
0,71,3611,51.91121444,4.473025175,150,4,S. van der Spek
0,72,3623,51.91258103,4.472509855,60,1,H. Braaksma
0,72,3641,51.91266677,4.473626744,150,1,S. Zlatanova
0,72,3685,51.91220568,4.473643508,150,2,J. Gil
0,72,3611,51.91121444,4.473025175,150,4,S. van der Spek
0,73,3623,51.91258027,4.472512035,60,1,H. Braaksma
0,73,3641,51.91266677,4.473626744,150,1,S. Zlatanova
0,73,3685,51.91220568,4.473643508,150,2,J. Gil
0,73,3611,51.91121444,4.473025175,150,4,S. van der Spek
0,74,3623,51.91258094,4.472511616,60,1,H. Braaksma
0,74,3641,51.91266677,4.473626744,150,1,S. Zlatanova
0,74,3685,51.91220568,4.473643508,150,2,J. Gil
0,74,3611,51.91121444,4.473025175,150,4,S. van der Spek
0,75,3623,51.91258321,4.472514382,60,1,H. Braaksma
0,75,3641,51.91266677,4.473626744,150,1,S. Zlatanova
0,75,3685,51.91220568,4.473643508,150,2,J. Gil
0,75,3611,51.91121444,4.473025175,150,4,S. van der Spek
0,76,3623,51.9125858,4.472521842,60,1,H. Braaksma
0,76,3641,51.91266677,4.473626744,150,1,S. Zlatanova
0,76,3685,51.91220568,4.473643508,150,2,J. Gil
0,76,3611,51.91121444,4.473025175,150,4,S. van der Spek
0,77,3623,51.91258958,4.472534079,60,1,H. Braaksma
0,77,3641,51.91266677,4.473626744,150,1,S. Zlatanova
0,77,3685,51.91220568,4.473643508,150,2,J. Gil
0,77,3611,51.91121444,4.473025175,150,4,S. van der Spek
0,78,3623,51.91259561,4.472547742,60,1,H. Braaksma
0,78,3641,51.91266677,4.473626744,150,1,S. Zlatanova
0,78,3685,51.91220568,4.473643508,150,2,J. Gil
0,78,3611,51.91121444,4.473025175,150,4,S. van der Spek
0,79,3623,51.91260374,4.472561488,60,1,H. Braaksma
0,79,3641,51.91266677,4.473626744,150,1,S. Zlatanova
0,79,3685,51.91220568,4.473643508,150,2,J. Gil
0,79,3611,51.91121444,4.473025175,150,4,S. van der Spek
0,80,3623,51.91261464,4.472575402,60,1,H. Braaksma
0,80,3641,51.91266677,4.473626744,150,1,S. Zlatanova
0,80,3685,51.91220568,4.473643508,150,2,J. Gil
0,80,3611,51.91121444,4.473025175,150,4,S. van der Spek
0,81,3623,51.91262403,4.472590992,60,1,H. Braaksma
0,81,3641,51.91266677,4.473626744,150,1,S. Zlatanova
0,81,3685,51.91220568,4.473643508,150,2,J. Gil
0,81,3611,51.91121444,4.473025175,150,4,S. van der Spek
0,82,3623,51.91263274,4.472607421,60,1,H. Braaksma
0,82,3641,51.91266677,4.473626744,150,1,S. Zlatanova
0,82,3685,51.91220568,4.473643508,150,2,J. Gil
0,82,3611,51.91121444,4.473025175,150,4,S. van der Spek
0,83,3623,51.91265227,4.472633321,60,1,H. Braaksma
0,83,3641,51.91266677,4.473626744,150,1,S. Zlatanova
0,83,3685,51.91220568,4.473643508,150,2,J. Gil
0,83,3611,51.91121444,4.473025175,150,4,S. van der Spek
0,84,3623,51.91266317,4.472645978,60,1,H. Braaksma
0,84,3641,51.91266677,4.473626744,150,1,S. Zlatanova
0,84,3685,51.91220568,4.473643508,150,2,J. Gil
0,84,3611,51.91121444,4.473025175,150,4,S. van der Spek
0,85,3623,51.91267298,4.47265855,60,1,H. Braaksma
0,85,3641,51.91266677,4.473626744,150,1,S. Zlatanova
0,85,3685,51.91220568,4.473643508,150,2,J. Gil
0,85,3611,51.91121444,4.473025175,150,4,S. van der Spek
0,86,3623,51.91268295,4.472671375,60,1,H. Braaksma
0,86,3641,51.91266677,4.473626744,150,1,S. Zlatanova
0,86,3685,51.91220568,4.473643508,150,2,J. Gil
0,86,3611,51.91121444,4.473025175,150,4,S. van der Spek
0,87,3623,51.91269217,4.472685205,60,1,H. Braaksma
0,87,3641,51.91266677,4.473626744,150,1,S. Zlatanova
0,87,3685,51.91220568,4.473643508,150,2,J. Gil
0,87,3611,51.91121444,4.473025175,150,4,S. van der Spek
0,88,3623,51.91270206,4.472699706,60,1,H. Braaksma
0,88,3641,51.91266677,4.473626744,150,1,S. Zlatanova
0,88,3685,51.91220568,4.473643508,150,2,J. Gil
0,88,3611,51.91121444,4.473025175,150,4,S. van der Spek
0,89,3623,51.91271438,4.47271429,60,1,H. Braaksma
0,89,3641,51.91266677,4.473626744,150,1,S. Zlatanova
0,89,3685,51.91220568,4.473643508,150,2,J. Gil
0,89,3611,51.91121444,4.473025175,150,4,S. van der Spek
0,90,3623,51.91272486,4.472731221,60,1,H. Braaksma
0,90,3641,51.91266677,4.473626744,150,1,S. Zlatanova
0,90,3685,51.91220568,4.473643508,150,2,J. Gil
0,90,3611,51.91121444,4.473025175,150,4,S. van der Spek
0,91,3623,51.91273467,4.472748153,60,1,H. Braaksma
0,91,3641,51.91266677,4.473626744,150,1,S. Zlatanova
0,91,3685,51.91220568,4.473643508,150,2,J. Gil
0,91,3611,51.91121444,4.473025175,150,4,S. van der Spek
0,92,3623,51.91274439,4.472763157,60,1,H. Braaksma
0,92,3641,51.91266677,4.473626744,150,1,S. Zlatanova
0,92,3685,51.91220568,4.473643508,150,2,J. Gil
0,92,3611,51.91121444,4.473025175,150,4,S. van der Spek
0,93,3623,51.91275269,4.472778747,60,1,H. Braaksma
0,93,3641,51.91266677,4.473626744,150,1,S. Zlatanova
0,93,3685,51.91220568,4.473643508,150,2,J. Gil
0,93,3611,51.91121444,4.473025175,150,4,S. van der Spek
0,94,3623,51.91276015,4.472796097,60,1,H. Braaksma
0,94,3641,51.91266677,4.473626744,150,1,S. Zlatanova
0,94,3685,51.91220568,4.473643508,150,2,J. Gil
0,94,3611,51.91121444,4.473025175,150,4,S. van der Spek
0,95,3623,51.91276719,4.472813616,60,1,H. Braaksma
0,95,3641,51.91266677,4.473626744,150,1,S. Zlatanova
0,95,3685,51.91220568,4.473643508,150,2,J. Gil
0,95,3611,51.91121444,4.473025175,150,4,S. van der Spek
0,96,3623,51.91277322,4.472829541,60,1,H. Braaksma
0,96,3641,51.91266677,4.473626744,150,1,S. Zlatanova
0,96,3685,51.91220568,4.473643508,150,2,J. Gil
0,96,3611,51.91121444,4.473025175,150,4,S. van der Spek
0,97,3623,51.91277632,4.472845886,60,1,H. Braaksma
0,97,3641,51.91266677,4.473626744,150,1,S. Zlatanova
0,97,3685,51.91220568,4.473643508,150,2,J. Gil
0,97,3611,51.91121444,4.473025175,150,4,S. van der Spek
0,98,3623,51.91277306,4.472857285,60,1,H. Braaksma
0,98,3641,51.91266677,4.473626744,150,1,S. Zlatanova
0,98,3685,51.91220568,4.473643508,150,2,J. Gil
0,98,3611,51.91121444,4.473025175,150,4,S. van der Spek
0,99,3623,51.91276425,4.472867092,60,1,H. Braaksma
0,99,3641,51.91266677,4.473626744,150,1,S. Zlatanova
0,99,3685,51.91220568,4.473643508,150,2,J. Gil
0,99,3611,51.91121444,4.473025175,150,4,S. van der Spek
0,100,3623,51.91275118,4.472875474,60,1,H. Braaksma
0,100,3641,51.91266677,4.473626744,150,1,S. Zlatanova
0,100,3685,51.91220568,4.473643508,150,2,J. Gil
0,100,3611,51.91121444,4.473025175,150,4,S. van der Spek
0,101,3623,51.91273869,4.472882012,60,1,H. Braaksma
0,101,3641,51.91266677,4.473626744,150,1,S. Zlatanova
0,101,3685,51.91220568,4.473643508,150,2,J. Gil
0,101,3611,51.91121444,4.473025175,150,4,S. van der Spek
0,102,3623,51.91272553,4.472889472,60,1,H. Braaksma
0,102,3641,51.91266677,4.473626744,150,1,S. Zlatanova
0,102,3685,51.91220568,4.473643508,150,2,J. Gil
0,102,3611,51.91121444,4.473025175,150,4,S. van der Spek
0,103,3623,51.91271262,4.472898021,60,1,H. Braaksma
0,103,3641,51.91266677,4.473626744,150,1,S. Zlatanova
0,103,3685,51.91220568,4.473643508,150,2,J. Gil
0,103,3611,51.91121444,4.473025175,150,4,S. van der Spek
0,104,3623,51.91270013,4.472905817,60,1,H. Braaksma
0,104,3641,51.91266677,4.473626744,150,1,S. Zlatanova
0,104,3685,51.91220568,4.473643508,150,2,J. Gil
0,104,3611,51.91121444,4.473025175,150,4,S. van der Spek
0,105,3623,51.91268857,4.472912103,60,1,H. Braaksma
0,105,3641,51.91266677,4.473626744,150,1,S. Zlatanova
0,105,3685,51.91220568,4.473643508,150,2,J. Gil
0,105,3611,51.91121444,4.473025175,150,4,S. van der Spek
0,106,3623,51.91267775,4.472918389,60,1,H. Braaksma
0,106,3641,51.91266677,4.473626744,150,1,S. Zlatanova
0,106,3685,51.91220568,4.473643508,150,2,J. Gil
0,106,3611,51.91121444,4.473025175,150,4,S. van der Spek
0,107,3623,51.91266795,4.472926855,60,1,H. Braaksma
0,107,3641,51.91266677,4.473626744,150,1,S. Zlatanova
0,107,3685,51.91220568,4.473643508,150,2,J. Gil
0,107,3611,51.91121444,4.473025175,150,4,S. van der Spek
0,108,3623,51.9126578,4.472934566,60,1,H. Braaksma
0,108,3641,51.91266677,4.473626744,150,1,S. Zlatanova
0,108,3685,51.91220568,4.473643508,150,2,J. Gil
0,108,3611,51.91121444,4.473025175,150,4,S. van der Spek
0,109,3623,51.91264775,4.472945714,60,1,H. Braaksma
0,109,3641,51.91266677,4.473626744,150,1,S. Zlatanova
0,109,3685,51.91220568,4.473643508,150,2,J. Gil
0,109,3611,51.91121444,4.473025175,150,4,S. van der Spek
0,110,3623,51.91263618,4.472956611,60,1,H. Braaksma
0,110,3641,51.91266677,4.473626744,150,1,S. Zlatanova
0,110,3685,51.91220568,4.473643508,150,2,J. Gil
0,110,3611,51.91121444,4.473025175,150,4,S. van der Spek
0,111,3623,51.91262411,4.472967675,60,1,H. Braaksma
0,111,3641,51.91266677,4.473626744,150,1,S. Zlatanova
0,111,3685,51.91220568,4.473643508,150,2,J. Gil
0,111,3611,51.91121444,4.473025175,150,4,S. van der Spek
0,112,3623,51.91261305,4.472977398,60,1,H. Braaksma
0,112,3641,51.91266677,4.473626744,150,1,S. Zlatanova
0,112,3685,51.91220568,4.473643508,150,2,J. Gil
0,112,3611,51.91121444,4.473025175,150,4,S. van der Spek
0,113,3623,51.91260248,4.472982427,60,1,H. Braaksma
0,113,3641,51.91266677,4.473626744,150,1,S. Zlatanova
0,113,3685,51.91220568,4.473643508,150,2,J. Gil
0,113,3611,51.91121444,4.473025175,150,4,S. van der Spek
0,114,3623,51.91258949,4.472987959,60,1,H. Braaksma
0,114,3641,51.91266677,4.473626744,150,1,S. Zlatanova
0,114,3685,51.91220568,4.473643508,150,2,J. Gil
0,114,3611,51.91121444,4.473025175,150,4,S. van der Spek
0,115,3623,51.91258237,4.472994581,60,1,H. Braaksma
0,115,3641,51.91266677,4.473626744,150,1,S. Zlatanova
0,115,3685,51.91220568,4.473643508,150,2,J. Gil
0,115,3611,51.91121444,4.473025175,150,4,S. van der Spek
0,116,3623,51.91257457,4.473001622,60,1,H. Braaksma
0,116,3641,51.91266677,4.473626744,150,1,S. Zlatanova
0,116,3685,51.91220568,4.473643508,150,2,J. Gil
0,116,3611,51.91121444,4.473025175,150,4,S. van der Spek
0,117,3623,51.91256326,4.473008076,60,1,H. Braaksma
0,117,3641,51.91266677,4.473626744,150,1,S. Zlatanova
0,117,3685,51.91220568,4.473643508,150,2,J. Gil
0,117,3611,51.91121444,4.473025175,150,4,S. van der Spek
0,118,3623,51.91254918,4.473013608,60,1,H. Braaksma
0,118,3641,51.91266677,4.473626744,150,1,S. Zlatanova
0,118,3685,51.91220568,4.473643508,150,2,J. Gil
0,118,3611,51.91121444,4.473025175,150,4,S. van der Spek
0,119,3623,51.91253501,4.473018553,60,1,H. Braaksma
0,119,3641,51.91266677,4.473626744,150,1,S. Zlatanova
0,119,3685,51.91220568,4.473643508,150,2,J. Gil
0,119,3611,51.91121444,4.473025175,150,4,S. van der Spek
0,120,3623,51.91252026,4.473021654,60,1,H. Braaksma
0,120,3641,51.91266677,4.473626744,150,1,S. Zlatanova
0,120,3685,51.91220568,4.473643508,150,2,J. Gil
0,120,3611,51.91121444,4.473025175,150,4,S. van der Spek
0,121,3623,51.91250517,4.4730266,60,1,H. Braaksma
0,121,3641,51.91266677,4.473626744,150,1,S. Zlatanova
0,121,3685,51.91220568,4.473643508,150,2,J. Gil
0,121,3611,51.91121444,4.473025175,150,4,S. van der Spek
0,122,3623,51.91249117,4.473032132,60,1,H. Braaksma
0,122,3641,51.91266677,4.473626744,150,1,S. Zlatanova
0,122,3685,51.91220568,4.473643508,150,2,J. Gil
0,122,3611,51.91121444,4.473025175,150,4,S. van der Spek
0,123,3623,51.912476,4.473039005,60,1,H. Braaksma
0,123,3641,51.91266677,4.473626744,150,1,S. Zlatanova
0,123,3685,51.91220568,4.473643508,150,2,J. Gil
0,123,3611,51.91121444,4.473025175,150,4,S. van der Spek
0,124,3623,51.91246234,4.473047471,60,1,H. Braaksma
0,124,3641,51.91266677,4.473626744,150,1,S. Zlatanova
0,124,3685,51.91220568,4.473643508,150,2,J. Gil
0,124,3611,51.91121444,4.473025175,150,4,S. van der Spek
0,125,3623,51.91244893,4.473057529,60,1,H. Braaksma
0,125,3641,51.91266677,4.473626744,150,1,S. Zlatanova
0,125,3685,51.91220568,4.473643508,150,2,J. Gil
0,125,3611,51.91121444,4.473025175,150,4,S. van der Spek
0,126,3623,51.91243351,4.473065911,60,1,H. Braaksma
0,126,3641,51.91266677,4.473626744,150,1,S. Zlatanova
0,126,3685,51.91220568,4.473643508,150,2,J. Gil
0,126,3611,51.91121444,4.473025175,150,4,S. van der Spek
0,127,3623,51.91241791,4.473075131,60,1,H. Braaksma
0,127,3641,51.91266677,4.473626744,150,1,S. Zlatanova
0,127,3685,51.91220568,4.473643508,150,2,J. Gil
0,127,3611,51.91121444,4.473025175,150,4,S. van der Spek
0,128,3623,51.91240258,4.473085608,60,1,H. Braaksma
0,128,3641,51.91266677,4.473626744,150,1,S. Zlatanova
0,128,3685,51.91220568,4.473643508,150,2,J. Gil
0,128,3611,51.91121444,4.473025175,150,4,S. van der Spek
0,129,3623,51.91238623,4.473096002,60,1,H. Braaksma
0,129,3641,51.91266677,4.473626744,150,1,S. Zlatanova
0,129,3685,51.91220568,4.473643508,150,2,J. Gil
0,129,3611,51.91121444,4.473025175,150,4,S. van der Spek
0,130,3623,51.91237332,4.473107401,60,1,H. Braaksma
0,130,3641,51.91266677,4.473626744,150,1,S. Zlatanova
0,130,3685,51.91220568,4.473643508,150,2,J. Gil
0,130,3611,51.91121444,4.473025175,150,4,S. van der Spek
0,131,3623,51.91235933,4.473120142,60,1,H. Braaksma
0,131,3641,51.91266677,4.473626744,150,1,S. Zlatanova
0,131,3685,51.91220568,4.473643508,150,2,J. Gil
0,131,3611,51.91121444,4.473025175,150,4,S. van der Spek
0,132,3623,51.91234566,4.473131038,60,1,H. Braaksma
0,132,3641,51.91266677,4.473626744,150,1,S. Zlatanova
0,132,3685,51.91220568,4.473643508,150,2,J. Gil
0,132,3611,51.91121444,4.473025175,150,4,S. van der Spek
0,133,3623,51.91233259,4.473137576,60,1,H. Braaksma
0,133,3641,51.91266677,4.473626744,150,1,S. Zlatanova
0,133,3685,51.91220568,4.473643508,150,2,J. Gil
0,133,3611,51.91121444,4.473025175,150,4,S. van der Spek
0,134,3623,51.9123211,4.473145371,60,1,H. Braaksma
0,134,3641,51.91266677,4.473626744,150,1,S. Zlatanova
0,134,3685,51.91220568,4.473643508,150,2,J. Gil
0,134,3611,51.91121444,4.473025175,150,4,S. van der Spek
0,135,3623,51.91231105,4.473152161,60,1,H. Braaksma
0,135,3641,51.91266677,4.473626744,150,1,S. Zlatanova
0,135,3685,51.91220568,4.473643508,150,2,J. Gil
0,135,3611,51.91121444,4.473025175,150,4,S. van der Spek
0,136,3623,51.91229939,4.473158196,60,1,H. Braaksma
0,136,3641,51.91266677,4.473626744,150,1,S. Zlatanova
0,136,3685,51.91220568,4.473643508,150,2,J. Gil
0,136,3611,51.91121444,4.473025175,150,4,S. van der Spek
0,137,3623,51.91228665,4.47316356,60,1,H. Braaksma
0,137,3641,51.91266677,4.473626744,150,1,S. Zlatanova
0,137,3685,51.91220568,4.473643508,150,2,J. Gil
0,137,3611,51.91121444,4.473025175,150,4,S. van der Spek
0,138,3623,51.91227467,4.473168589,60,1,H. Braaksma
0,138,3641,51.91266677,4.473626744,150,1,S. Zlatanova
0,138,3685,51.91220568,4.473643508,150,2,J. Gil
0,138,3611,51.91121444,4.473025175,150,4,S. van der Spek
0,139,3623,51.91226352,4.473174959,60,1,H. Braaksma
0,139,3641,51.91266677,4.473626744,150,1,S. Zlatanova
0,139,3685,51.91220568,4.473643508,150,2,J. Gil
0,139,3611,51.91121444,4.473025175,150,4,S. van der Spek
0,140,3623,51.91225757,4.473182755,60,1,H. Braaksma
0,140,3641,51.91266677,4.473626744,150,1,S. Zlatanova
0,140,3685,51.91220568,4.473643508,150,2,J. Gil
0,140,3611,51.91121444,4.473025175,150,4,S. van der Spek
0,141,3623,51.9122605,4.473178647,60,1,H. Braaksma
0,141,3641,51.91266677,4.473626744,150,1,S. Zlatanova
0,141,3685,51.91220568,4.473643508,150,2,J. Gil
0,141,3611,51.91121444,4.473025175,150,4,S. van der Spek
0,142,3623,51.91227341,4.47317454,60,1,H. Braaksma
0,142,3641,51.91266677,4.473626744,150,1,S. Zlatanova
0,142,3685,51.91220568,4.473643508,150,2,J. Gil
0,142,3611,51.91121444,4.473025175,150,4,S. van der Spek
0,143,3623,51.91228456,4.473168086,60,1,H. Braaksma
0,143,3641,51.91266677,4.473626744,150,1,S. Zlatanova
0,143,3685,51.91220568,4.473643508,150,2,J. Gil
0,143,3611,51.91121444,4.473025175,150,4,S. van der Spek
0,144,3623,51.91230141,4.473163309,60,1,H. Braaksma
0,144,3641,51.91266677,4.473626744,150,1,S. Zlatanova
0,144,3685,51.91220568,4.473643508,150,2,J. Gil
0,144,3611,51.91121444,4.473025175,150,4,S. van der Spek
0,145,3623,51.9123149,4.473158615,60,1,H. Braaksma
0,145,3641,51.91266677,4.473626744,150,1,S. Zlatanova
0,145,3685,51.91220568,4.473643508,150,2,J. Gil
0,145,3611,51.91121444,4.473025175,150,4,S. van der Spek
0,146,3623,51.91232806,4.4731504,60,1,H. Braaksma
0,146,3641,51.91266677,4.473626744,150,1,S. Zlatanova
0,146,3685,51.91220568,4.473643508,150,2,J. Gil
0,146,3611,51.91121444,4.473025175,150,4,S. van der Spek
0,147,3623,51.9123398,4.473141432,60,1,H. Braaksma
0,147,3641,51.91266677,4.473626744,150,1,S. Zlatanova
0,147,3685,51.91220568,4.473643508,150,2,J. Gil
0,147,3611,51.91121444,4.473025175,150,4,S. van der Spek
0,148,3623,51.91235228,4.473133134,60,1,H. Braaksma
0,148,3641,51.91266677,4.473626744,150,1,S. Zlatanova
0,148,3685,51.91220568,4.473643508,150,2,J. Gil
0,148,3611,51.91121444,4.473025175,150,4,S. van der Spek
0,149,3623,51.91236528,4.473123914,60,1,H. Braaksma
0,149,3641,51.91266677,4.473626744,150,1,S. Zlatanova
0,149,3685,51.91220568,4.473643508,150,2,J. Gil
0,149,3611,51.91121444,4.473025175,150,4,S. van der Spek
0,150,3623,51.9123776,4.473113269,60,1,H. Braaksma
0,150,3641,51.91266677,4.473626744,150,1,S. Zlatanova
0,150,3685,51.91220568,4.473643508,150,2,J. Gil
0,150,3611,51.91121444,4.473025175,150,4,S. van der Spek
0,151,3623,51.91238975,4.473103629,60,1,H. Braaksma
0,152,3623,51.91240216,4.473093906,60,1,H. Braaksma
0,152,3641,51.9126734,4.473632192,150,1,S. Zlatanova
0,152,3685,51.91221289,4.473641831,150,2,J. Gil
0,152,3611,51.91122198,4.473024337,150,4,S. van der Spek
0,153,3623,51.91241607,4.4730841,60,1,H. Braaksma
0,153,3641,51.9126796,4.473636718,150,1,S. Zlatanova
0,153,3685,51.91221105,4.47364443,150,2,J. Gil
0,153,3611,51.91122509,4.473027438,150,4,S. van der Spek
0,154,3623,51.91242965,4.473074293,60,1,H. Braaksma
0,154,3641,51.91268672,4.473642334,150,1,S. Zlatanova
0,154,3685,51.91220636,4.473641915,150,2,J. Gil
0,154,3611,51.91123414,4.473040262,150,4,S. van der Spek
0,155,3623,51.9124418,4.473067084,60,1,H. Braaksma
0,155,3641,51.91269142,4.473644765,150,1,S. Zlatanova
0,155,3685,51.91218574,4.473621128,150,2,J. Gil
0,155,3611,51.91124445,4.473076556,150,4,S. van der Spek
0,156,3623,51.91245505,4.473059792,60,1,H. Braaksma
0,156,3641,51.9126915,4.473643424,150,1,S. Zlatanova
0,156,3685,51.91217476,4.473616183,150,2,J. Gil
0,156,3611,51.91125099,4.473102791,150,4,S. van der Spek
0,157,3623,51.91246712,4.473050823,60,1,H. Braaksma
0,157,3641,51.91268991,4.473642921,150,1,S. Zlatanova
0,157,3685,51.91216797,4.473627666,150,2,J. Gil
0,157,3611,51.91125459,4.473119304,150,4,S. van der Spek
0,158,3623,51.91247852,4.473043783,60,1,H. Braaksma
0,158,3641,51.91268731,4.473641999,150,1,S. Zlatanova
0,158,3685,51.91216026,4.473641915,150,2,J. Gil
0,158,3611,51.91125677,4.473128021,150,4,S. van der Spek
0,159,3623,51.91248975,4.47303473,60,1,H. Braaksma
0,159,3641,51.9126853,4.473642418,150,1,S. Zlatanova
0,159,3685,51.91216897,4.473679718,150,2,J. Gil
0,159,3611,51.9112597,4.473120729,150,4,S. van der Spek
0,160,3623,51.91250098,4.473024923,60,1,H. Braaksma
0,160,3641,51.91268605,4.473643005,150,1,S. Zlatanova
0,160,3685,51.91217383,4.4737083,150,2,J. Gil
0,160,3611,51.91127161,4.473161129,150,4,S. van der Spek
0,161,3623,51.91251288,4.473016206,60,1,H. Braaksma
0,161,3641,51.91268664,4.473643675,150,1,S. Zlatanova
0,161,3685,51.91218255,4.473719113,150,2,J. Gil
0,161,3611,51.9112815,4.473164147,150,4,S. van der Spek
0,162,3623,51.91252353,4.473004052,60,1,H. Braaksma
0,162,3641,51.9126822,4.473640909,150,1,S. Zlatanova
0,162,3685,51.91219529,4.473726489,150,2,J. Gil
0,162,3611,51.91128862,4.473166075,150,4,S. van der Spek
0,163,3623,51.91253702,4.472997347,60,1,H. Braaksma
0,163,3641,51.91267767,4.473633114,150,1,S. Zlatanova
0,163,3685,51.91220921,4.473731853,150,2,J. Gil
0,163,3611,51.91129692,4.473166242,150,4,S. van der Spek
0,164,3623,51.91255094,4.47299039,60,1,H. Braaksma
0,164,3641,51.91267289,4.473619955,150,1,S. Zlatanova
0,164,3685,51.9122263,4.473733027,150,2,J. Gil
0,164,3611,51.9113074,4.473164314,150,4,S. van der Spek
0,165,3623,51.91256611,4.472988462,60,1,H. Braaksma
0,165,3641,51.91266661,4.473604281,150,1,S. Zlatanova
0,165,3685,51.91224181,4.47372565,150,2,J. Gil
0,165,3611,51.91131159,4.473168757,150,4,S. van der Spek
0,166,3623,51.91258069,4.472984606,60,1,H. Braaksma
0,166,3641,51.91265948,4.473584667,150,1,S. Zlatanova
0,166,3685,51.91225413,4.473712575,150,2,J. Gil
0,166,3611,51.91131284,4.473176384,150,4,S. van der Spek
0,167,3623,51.91259486,4.472978991,60,1,H. Braaksma
0,167,3641,51.91265278,4.473564802,150,1,S. Zlatanova
0,167,3685,51.91226461,4.473696146,150,2,J. Gil
0,167,3611,51.91132198,4.473181413,150,4,S. van der Spek
0,168,3623,51.91260818,4.472970692,60,1,H. Braaksma
0,168,3641,51.91264708,4.473544853,150,1,S. Zlatanova
0,168,3685,51.91227173,4.473676952,150,2,J. Gil
0,168,3611,51.91133011,4.473189376,150,4,S. van der Spek
0,169,3623,51.91262294,4.472964741,60,1,H. Braaksma
0,169,3641,51.91264129,4.473523898,150,1,S. Zlatanova
0,169,3685,51.91227584,4.47365826,150,2,J. Gil
0,169,3611,51.91133715,4.473197674,150,4,S. van der Spek
0,170,3623,51.91263626,4.472957449,60,1,H. Braaksma
0,170,3641,51.91263434,4.473501518,150,1,S. Zlatanova
0,170,3685,51.91227458,4.473641077,150,2,J. Gil
0,170,3611,51.91134704,4.473210583,150,4,S. van der Spek
0,171,3623,51.91264917,4.47294957,60,1,H. Braaksma
0,171,3641,51.91262864,4.473478636,150,1,S. Zlatanova
0,171,3685,51.91226687,4.473626828,150,2,J. Gil
0,171,3611,51.9113566,4.473220725,150,4,S. van der Spek
0,172,3623,51.91266208,4.472942865,60,1,H. Braaksma
0,172,3641,51.91262193,4.47345525,150,1,S. Zlatanova
0,172,3685,51.91225556,4.473617608,150,2,J. Gil
0,172,3611,51.91136716,4.473231537,150,4,S. van der Spek
0,173,3623,51.91267432,4.472933896,60,1,H. Braaksma
0,173,3641,51.91261673,4.473432619,150,1,S. Zlatanova
0,173,3685,51.91224181,4.473615512,150,2,J. Gil
0,173,3611,51.91137772,4.473244026,150,4,S. van der Spek
0,174,3623,51.91268622,4.472923167,60,1,H. Braaksma
0,174,3641,51.91261271,4.473410156,150,1,S. Zlatanova
0,174,3685,51.91222739,4.47361744,150,2,J. Gil
0,174,3611,51.91138853,4.473259533,150,4,S. van der Spek
0,175,3623,51.91269754,4.472913025,60,1,H. Braaksma
0,175,3641,51.91261045,4.473389452,150,1,S. Zlatanova
0,175,3685,51.91221566,4.473623894,150,2,J. Gil
0,175,3611,51.91139733,4.473271603,150,4,S. van der Spek
0,176,3623,51.91271044,4.472903302,60,1,H. Braaksma
0,176,3641,51.91260869,4.473372018,150,1,S. Zlatanova
0,176,3685,51.9122056,4.473636299,150,2,J. Gil
0,176,3611,51.91140178,4.473288367,150,4,S. van der Spek
0,177,3623,51.9127236,4.472895339,60,1,H. Braaksma
0,177,3641,51.91260399,4.473356344,150,1,S. Zlatanova
0,177,3685,51.91219739,4.473651219,150,2,J. Gil
0,177,3611,51.911411,4.473302951,150,4,S. van der Spek
0,178,3623,51.91273475,4.47288855,60,1,H. Braaksma
0,178,3641,51.91259276,4.473343436,150,1,S. Zlatanova
0,178,3685,51.91219378,4.473669408,150,2,J. Gil
0,178,3611,51.91141745,4.473318458,150,4,S. van der Spek
0,179,3623,51.91274707,4.472884862,60,1,H. Braaksma
0,179,3641,51.91257851,4.473336646,150,1,S. Zlatanova
0,179,3685,51.91219588,4.473688183,150,2,J. Gil
0,179,3611,51.91142617,4.47333388,150,4,S. van der Spek
0,180,3623,51.9127599,4.472883604,60,1,H. Braaksma
0,180,3641,51.91256518,4.473337485,150,1,S. Zlatanova
0,180,3685,51.91220443,4.473702097,150,2,J. Gil
0,180,3611,51.91143799,4.473345699,150,4,S. van der Spek
0,181,3623,51.91277012,4.472890813,60,1,H. Braaksma
0,181,3641,51.91255337,4.473344106,150,1,S. Zlatanova
0,181,3685,51.91221457,4.473710731,150,2,J. Gil
0,181,3611,51.91144578,4.473363636,150,4,S. van der Spek
0,182,3623,51.91278093,4.472906906,60,1,H. Braaksma
0,182,3641,51.91254188,4.473351734,150,1,S. Zlatanova
0,182,3685,51.91222739,4.473713161,150,2,J. Gil
0,182,3611,51.91144628,4.473393727,150,4,S. van der Spek
0,183,3623,51.91279108,4.472923251,60,1,H. Braaksma
0,183,3641,51.91252923,4.473358188,150,1,S. Zlatanova
0,183,3685,51.91224148,4.473707629,150,2,J. Gil
0,183,3611,51.91145408,4.473411832,150,4,S. van der Spek
0,184,3623,51.91279862,4.472939763,60,1,H. Braaksma
0,184,3641,51.91251598,4.473365312,150,1,S. Zlatanova
0,184,3685,51.9122522,4.473695392,150,2,J. Gil
0,184,3611,51.91145416,4.473437481,150,4,S. van der Spek
0,185,3623,51.91280264,4.472956946,60,1,H. Braaksma
0,185,3641,51.91250215,4.473373275,150,1,S. Zlatanova
0,185,3685,51.91225816,4.473678377,150,2,J. Gil
0,185,3611,51.91145307,4.473462207,150,4,S. van der Spek
0,186,3623,51.91280885,4.472973291,60,1,H. Braaksma
0,186,3641,51.91248631,4.473380316,150,1,S. Zlatanova
0,186,3685,51.9122579,4.473658931,150,2,J. Gil
0,186,3611,51.91145483,4.473484,150,4,S. van der Spek
0,187,3623,51.91281513,4.472990138,60,1,H. Braaksma
0,187,3641,51.91246988,4.473384423,150,1,S. Zlatanova
0,187,3685,51.91225145,4.473640323,150,2,J. Gil
0,187,3611,51.91145802,4.473500596,150,4,S. van der Spek
0,188,3623,51.912821,4.473006735,60,1,H. Braaksma
0,188,3641,51.9124527,4.473387608,150,1,S. Zlatanova
0,188,3685,51.91223913,4.473623727,150,2,J. Gil
0,188,3611,51.91146305,4.473513253,150,4,S. van der Spek
0,189,3623,51.91282737,4.473025426,60,1,H. Braaksma
0,189,3641,51.91243602,4.473393811,150,1,S. Zlatanova
0,189,3685,51.91222203,4.47360646,150,2,J. Gil
0,189,3611,51.91146975,4.473528424,150,4,S. van der Spek
0,190,3623,51.91283366,4.473040178,60,1,H. Braaksma
0,190,3641,51.91242127,4.473402025,150,1,S. Zlatanova
0,190,3685,51.91220032,4.473588271,150,2,J. Gil
0,190,3611,51.91147805,4.473543009,150,4,S. van der Spek
0,191,3623,51.91283793,4.473058619,60,1,H. Braaksma
0,191,3641,51.91240777,4.473409904,150,1,S. Zlatanova
0,191,3685,51.91217182,4.47357486,150,2,J. Gil
0,191,3611,51.91148627,4.473556923,150,4,S. van der Spek
0,192,3623,51.91284196,4.473077143,60,1,H. Braaksma
0,192,3641,51.91239419,4.473416274,150,1,S. Zlatanova
0,192,3685,51.91214332,4.473570082,150,2,J. Gil
0,192,3611,51.91149507,4.473565975,150,4,S. van der Spek
0,193,3623,51.91284497,4.473095331,60,1,H. Braaksma
0,193,3641,51.91238087,4.473422226,150,1,S. Zlatanova
0,193,3685,51.91211625,4.473573687,150,2,J. Gil
0,193,3611,51.91150672,4.473569496,150,4,S. van der Spek
0,194,3623,51.91284849,4.473112179,60,1,H. Braaksma
0,194,3641,51.91236855,4.473428847,150,1,S. Zlatanova
0,194,3685,51.91209085,4.473589696,150,2,J. Gil
0,194,3611,51.91151996,4.47356673,150,4,S. van der Spek
0,195,3623,51.91285176,4.473128943,60,1,H. Braaksma
0,195,3641,51.91235564,4.473434296,150,1,S. Zlatanova
0,195,3685,51.91206931,4.473619703,150,2,J. Gil
0,195,3611,51.91153438,4.473559689,150,4,S. van der Spek
0,196,3623,51.91285637,4.473145707,60,1,H. Braaksma
0,196,3641,51.91234432,4.473441755,150,1,S. Zlatanova
0,196,3685,51.91205984,4.473661026,150,2,J. Gil
0,196,3611,51.91154812,4.473551391,150,4,S. van der Spek
0,197,3623,51.91285897,4.473166326,60,1,H. Braaksma
0,197,3641,51.9123315,4.473448377,150,1,S. Zlatanova
0,197,3685,51.912059,4.47370193,150,2,J. Gil
0,197,3611,51.91156028,4.473543093,150,4,S. van der Spek
0,198,3623,51.91286132,4.47319055,60,1,H. Braaksma
0,198,3641,51.91231783,4.473454831,150,1,S. Zlatanova
0,198,3685,51.91206604,4.473744845,150,2,J. Gil
0,198,3611,51.91157243,4.473535884,150,4,S. van der Spek
0,199,3623,51.91286584,4.473212007,60,1,H. Braaksma
0,199,3641,51.91230484,4.473461956,150,1,S. Zlatanova
0,199,3685,51.91207434,4.473789018,150,2,J. Gil
0,199,3611,51.91158584,4.473530687,150,4,S. van der Spek
0,200,3623,51.91287129,4.473234555,60,1,H. Braaksma
0,200,3641,51.91229277,4.473466231,150,1,S. Zlatanova
0,200,3685,51.91208549,4.473835286,150,2,J. Gil
0,200,3611,51.91159842,4.473523982,150,4,S. van der Spek
0,201,3623,51.91287615,4.473255342,60,1,H. Braaksma
0,201,3641,51.91228271,4.473470589,150,1,S. Zlatanova
0,201,3685,51.91209605,4.473882895,150,2,J. Gil
0,201,3611,51.91160906,4.473516941,150,4,S. van der Spek
0,202,3623,51.91288386,4.473274034,60,1,H. Braaksma
0,202,3641,51.91227467,4.473475954,150,1,S. Zlatanova
0,202,3685,51.91210795,4.47392799,150,2,J. Gil
0,202,3611,51.91161853,4.473511074,150,4,S. van der Spek
0,203,3623,51.91288915,4.473294485,60,1,H. Braaksma
0,203,3641,51.91226771,4.473482408,150,1,S. Zlatanova
0,203,3685,51.9121191,4.473975264,150,2,J. Gil
0,203,3611,51.91162851,4.473505123,150,4,S. van der Spek
0,204,3623,51.91289485,4.473320805,60,1,H. Braaksma
0,204,3641,51.91226101,4.473487018,150,1,S. Zlatanova
0,204,3685,51.91213075,4.474017927,150,2,J. Gil
0,204,3611,51.91163873,4.473498836,150,4,S. van der Spek
0,205,3623,51.9129018,4.473347208,60,1,H. Braaksma
0,205,3641,51.91225464,4.473491879,150,1,S. Zlatanova
0,205,3685,51.91214441,4.474056149,150,2,J. Gil
0,205,3611,51.9116503,4.473490873,150,4,S. van der Spek
0,206,3623,51.91290666,4.47336833,60,1,H. Braaksma
0,206,3641,51.91224927,4.473495232,150,1,S. Zlatanova
0,206,3685,51.91215648,4.474092107,150,2,J. Gil
0,206,3611,51.91166237,4.473484335,150,4,S. van der Spek
0,207,3623,51.91290893,4.473387692,60,1,H. Braaksma
0,207,3641,51.91223863,4.473499926,150,1,S. Zlatanova
0,207,3685,51.91216176,4.47413519,150,2,J. Gil
0,207,3611,51.9116762,4.473475451,150,4,S. van der Spek
0,208,3623,51.91291672,4.473410575,60,1,H. Braaksma
0,208,3641,51.91222505,4.473505961,150,1,S. Zlatanova
0,208,3685,51.91217434,4.474171819,150,2,J. Gil
0,208,3611,51.91168944,4.473468745,150,4,S. van der Spek
0,209,3623,51.91292209,4.473431865,60,1,H. Braaksma
0,209,3641,51.91221331,4.473511493,150,1,S. Zlatanova
0,209,3685,51.91218247,4.474209538,150,2,J. Gil
0,209,3611,51.91170344,4.473460363,150,4,S. van der Spek
0,210,3623,51.91292477,4.473455334,60,1,H. Braaksma
0,210,3641,51.91220049,4.473518115,150,1,S. Zlatanova
0,210,3685,51.91219085,4.474247759,150,2,J. Gil
0,210,3611,51.91171752,4.473453239,150,4,S. van der Spek
0,211,3623,51.91292753,4.473478636,60,1,H. Braaksma
0,211,3641,51.91218724,4.473525826,150,1,S. Zlatanova
0,211,3685,51.91219521,4.474281622,150,2,J. Gil
0,211,3611,51.91173177,4.473445779,150,4,S. van der Spek
0,212,3623,51.91293164,4.473500261,60,1,H. Braaksma
0,212,3641,51.91217417,4.473533453,150,1,S. Zlatanova
0,212,3685,51.91219454,4.474309366,150,2,J. Gil
0,212,3611,51.91174502,4.47344075,150,4,S. van der Spek
0,213,3623,51.91293608,4.473524652,60,1,H. Braaksma
0,213,3641,51.9121626,4.473543931,150,1,S. Zlatanova
0,213,3685,51.91218632,4.474329315,150,2,J. Gil
0,213,3611,51.91175776,4.473432871,150,4,S. van der Spek
0,214,3623,51.91293751,4.47354544,60,1,H. Braaksma
0,214,3641,51.91215028,4.47355005,150,1,S. Zlatanova
0,214,3685,51.91217283,4.474343816,150,2,J. Gil
0,214,3611,51.91176941,4.473422477,150,4,S. van der Spek
0,215,3623,51.91293835,4.473563042,60,1,H. Braaksma
0,215,3641,51.9121362,4.473555917,150,1,S. Zlatanova
0,215,3685,51.9121569,4.474360496,150,2,J. Gil
0,215,3611,51.91178206,4.473412586,150,4,S. van der Spek
0,216,3623,51.91294229,4.473587098,60,1,H. Braaksma
0,216,3641,51.91212304,4.473562455,150,1,S. Zlatanova
0,216,3685,51.91214039,4.474377763,150,2,J. Gil
0,216,3611,51.91179355,4.473404121,150,4,S. van der Spek
0,217,3623,51.91294698,4.473607801,60,1,H. Braaksma
0,217,3641,51.91210737,4.473569999,150,1,S. Zlatanova
0,217,3685,51.91212413,4.474390838,150,2,J. Gil
0,217,3611,51.91180419,4.473398086,150,4,S. van der Spek
0,218,3623,51.91295201,4.473630851,60,1,H. Braaksma
0,218,3641,51.91209186,4.473580476,150,1,S. Zlatanova
0,218,3685,51.91210133,4.474406261,150,2,J. Gil
0,218,3611,51.91181517,4.473390877,150,4,S. van der Spek
0,219,3623,51.91295654,4.47365474,60,1,H. Braaksma
0,219,3641,51.91207727,4.473591959,150,1,S. Zlatanova
0,219,3685,51.91207836,4.474417493,150,2,J. Gil
0,219,3611,51.91182666,4.473384675,150,4,S. van der Spek
0,220,3623,51.91295964,4.473678879,60,1,H. Braaksma
0,220,3641,51.91206512,4.473604448,150,1,S. Zlatanova
0,220,3685,51.91205364,4.474430485,150,2,J. Gil
0,220,3611,51.9118399,4.473376041,150,4,S. van der Spek
0,221,3623,51.91296299,4.473702852,60,1,H. Braaksma
0,221,3641,51.91206085,4.473621128,150,1,S. Zlatanova
0,221,3685,51.91203277,4.47444574,150,2,J. Gil
0,221,3611,51.91185314,4.473368917,150,4,S. van der Spek
0,222,3623,51.91296743,4.473725734,60,1,H. Braaksma
0,222,3641,51.91206319,4.473641077,150,1,S. Zlatanova
0,222,3685,51.91201164,4.474462168,150,2,J. Gil
0,222,3611,51.91186337,4.473359948,150,4,S. van der Spek
0,223,3623,51.91297154,4.473747108,60,1,H. Braaksma
0,223,3641,51.91206847,4.473662032,150,1,S. Zlatanova
0,223,3685,51.9119891,4.474477088,150,2,J. Gil
0,223,3611,51.91187804,4.473353326,150,4,S. van der Spek
0,224,3623,51.91297472,4.473771499,60,1,H. Braaksma
0,224,3641,51.91207451,4.473684411,150,1,S. Zlatanova
0,224,3685,51.91196211,4.474492511,150,2,J. Gil
0,224,3611,51.91189187,4.473346621,150,4,S. van der Spek
0,225,3623,51.9129795,4.473799998,60,1,H. Braaksma
0,225,3641,51.91207937,4.473706875,150,1,S. Zlatanova
0,225,3685,51.91193151,4.474508604,150,2,J. Gil
0,225,3611,51.91190586,4.473339748,150,4,S. van der Spek
0,226,3623,51.91298101,4.473825311,60,1,H. Braaksma
0,226,3641,51.91208574,4.473728165,150,1,S. Zlatanova
0,226,3685,51.91190025,4.474529224,150,2,J. Gil
0,226,3611,51.91191969,4.473331952,150,4,S. van der Spek
0,227,3623,51.91298327,4.4738492,60,1,H. Braaksma
0,227,3641,51.91209169,4.473745599,150,1,S. Zlatanova
0,227,3685,51.91186806,4.474547748,150,2,J. Gil
0,227,3611,51.91193311,4.473326756,150,4,S. van der Spek
0,228,3623,51.9129754,4.473872082,60,1,H. Braaksma
0,228,3641,51.91209664,4.473765548,150,1,S. Zlatanova
0,228,3685,51.91183688,4.474570043,150,2,J. Gil
0,228,3611,51.91194811,4.473323571,150,4,S. van der Spek
0,229,3623,51.91296224,4.473893372,60,1,H. Braaksma
0,229,3641,51.9121015,4.473783989,150,1,S. Zlatanova
0,229,3685,51.9118078,4.474588819,150,2,J. Gil
0,229,3611,51.91196051,4.473319799,150,4,S. van der Spek
0,230,3623,51.91295226,4.473908208,60,1,H. Braaksma
0,230,3641,51.91210669,4.473804859,150,1,S. Zlatanova
0,230,3685,51.91178282,4.474603152,150,2,J. Gil
0,230,3611,51.91197082,4.473314853,150,4,S. van der Spek
0,231,3623,51.91294614,4.473928409,60,1,H. Braaksma
0,231,3641,51.91211105,4.473825647,150,1,S. Zlatanova
0,231,3685,51.91175566,4.474614635,150,2,J. Gil
0,231,3611,51.91198356,4.473308399,150,4,S. van der Spek
0,232,3623,51.91293608,4.473942155,60,1,H. Braaksma
0,232,3641,51.91211541,4.473846853,150,1,S. Zlatanova
0,232,3685,51.91172909,4.474620586,150,2,J. Gil
0,232,3611,51.91199471,4.473298844,150,4,S. van der Spek
0,233,3623,51.91292502,4.473956907,60,1,H. Braaksma
0,233,3641,51.91212036,4.47386588,150,1,S. Zlatanova
0,233,3685,51.91169917,4.474623185,150,2,J. Gil
0,233,3611,51.91200536,4.473290294,150,4,S. van der Spek
0,234,3623,51.91291337,4.473972414,60,1,H. Braaksma
0,234,3641,51.91212522,4.473886415,150,1,S. Zlatanova
0,234,3685,51.91167134,4.474624861,150,2,J. Gil
0,234,3611,51.91201692,4.473283421,150,4,S. van der Spek
0,235,3623,51.91290432,4.473985741,60,1,H. Braaksma
0,235,3641,51.91213117,4.47390628,150,1,S. Zlatanova
0,235,3685,51.91164686,4.474623017,150,2,J. Gil
0,235,3611,51.91202883,4.473275458,150,4,S. van der Spek
0,236,3623,51.91289585,4.473988423,60,1,H. Braaksma
0,236,3641,51.91214089,4.473925978,150,1,S. Zlatanova
0,236,3685,51.91162021,4.47462419,150,2,J. Gil
0,236,3611,51.91204065,4.473267244,150,4,S. van der Spek
0,237,3623,51.91288378,4.473998565,60,1,H. Braaksma
0,237,3641,51.91214902,4.473945843,150,1,S. Zlatanova
0,237,3685,51.91159297,4.474616898,150,2,J. Gil
0,237,3611,51.91205297,4.473263305,150,4,S. van der Spek
0,238,3623,51.91287238,4.4740103,60,1,H. Braaksma
0,238,3641,51.91215623,4.473964451,150,1,S. Zlatanova
0,238,3685,51.91156757,4.474613797,150,2,J. Gil
0,238,3611,51.91206663,4.473259617,150,4,S. van der Spek
0,239,3623,51.91285939,4.474020861,60,1,H. Braaksma
0,239,3641,51.91216202,4.473982221,150,1,S. Zlatanova
0,239,3685,51.9115441,4.474609438,150,2,J. Gil
0,239,3611,51.91207836,4.473255007,150,4,S. van der Spek
0,240,3623,51.91284765,4.474029243,60,1,H. Braaksma
0,240,3641,51.91216771,4.473999403,150,1,S. Zlatanova
0,240,3685,51.91152382,4.474606505,150,2,J. Gil
0,240,3611,51.912088,4.473249223,150,4,S. van der Spek
0,241,3623,51.91283684,4.474038044,60,1,H. Braaksma
0,241,3641,51.9121735,4.474015413,150,1,S. Zlatanova
0,241,3685,51.91150965,4.474598542,150,2,J. Gil
0,241,3611,51.91209873,4.473239919,150,4,S. van der Spek
0,242,3623,51.91282787,4.474044498,60,1,H. Braaksma
0,242,3641,51.91217802,4.474035446,150,1,S. Zlatanova
0,242,3685,51.91150202,4.474579766,150,2,J. Gil
0,242,3611,51.91210795,4.473231453,150,4,S. van der Spek
0,243,3623,51.91281941,4.474051036,60,1,H. Braaksma
0,243,3641,51.91218104,4.474056484,150,1,S. Zlatanova
0,243,3685,51.91149289,4.47455395,150,2,J. Gil
0,243,3611,51.91211985,4.473223826,150,4,S. van der Spek
0,244,3623,51.91281153,4.474057825,60,1,H. Braaksma
0,244,3641,51.91218515,4.474075343,150,1,S. Zlatanova
0,244,3685,51.91147889,4.47452059,150,2,J. Gil
0,244,3611,51.91213142,4.473216115,150,4,S. van der Spek
0,245,3623,51.91280164,4.474064782,60,1,H. Braaksma
0,245,3641,51.9121911,4.474095209,150,1,S. Zlatanova
0,245,3685,51.91147286,4.474485554,150,2,J. Gil
0,245,3611,51.91214131,4.473206727,150,4,S. van der Spek
0,246,3623,51.91279074,4.47407308,60,1,H. Braaksma
0,246,3641,51.91219663,4.474113397,150,1,S. Zlatanova
0,246,3685,51.91145869,4.474448757,150,2,J. Gil
0,246,3611,51.91215212,4.473200021,150,4,S. van der Spek
0,247,3623,51.91278211,4.474078361,60,1,H. Braaksma
0,247,3641,51.91220066,4.474131837,150,1,S. Zlatanova
0,247,3685,51.9114488,4.474409195,150,2,J. Gil
0,247,3611,51.91216604,4.473193986,150,4,S. van der Spek
0,248,3623,51.91277088,4.474088671,60,1,H. Braaksma
0,248,3641,51.91220325,4.474151367,150,1,S. Zlatanova
0,248,3685,51.91144251,4.47436871,150,2,J. Gil
0,248,3611,51.91217802,4.473184934,150,4,S. van der Spek
0,249,3623,51.91276065,4.474100489,60,1,H. Braaksma
0,249,3641,51.91220703,4.474166706,150,1,S. Zlatanova
0,249,3685,51.91142977,4.474330321,150,2,J. Gil
0,249,3611,51.91218909,4.47317848,150,4,S. van der Spek
0,250,3623,51.91274791,4.474106021,60,1,H. Braaksma
0,250,3641,51.91221281,4.474183386,150,1,S. Zlatanova
0,250,3685,51.91141787,4.474289417,150,2,J. Gil
0,250,3611,51.9121994,4.473175295,150,4,S. van der Spek
0,251,3623,51.91273391,4.474110715,60,1,H. Braaksma
0,251,3641,51.91221675,4.474200904,150,1,S. Zlatanova
0,251,3685,51.91140899,4.474252202,150,2,J. Gil
0,251,3611,51.91221038,4.473170182,150,4,S. van der Spek
0,252,3623,51.91272302,4.474116331,60,1,H. Braaksma
0,252,3641,51.91221826,4.474218925,150,1,S. Zlatanova
0,252,3685,51.91139809,4.474216998,150,2,J. Gil
0,252,3611,51.91222362,4.473161548,150,4,S. van der Spek
0,253,3623,51.91270751,4.474121779,60,1,H. Braaksma
0,253,3641,51.91222086,4.474237533,150,1,S. Zlatanova
0,253,3685,51.91139339,4.474188918,150,2,J. Gil
0,253,3611,51.91223687,4.473153334,150,4,S. van der Spek
0,254,3623,51.91269502,4.474130413,60,1,H. Braaksma
0,254,3641,51.91222354,4.474256225,150,1,S. Zlatanova
0,254,3685,51.91138769,4.474162683,150,2,J. Gil
0,254,3611,51.91224969,4.473146545,150,4,S. van der Spek
0,255,3623,51.91267842,4.474141393,60,1,H. Braaksma
0,255,3641,51.91222304,4.47427324,150,1,S. Zlatanova
0,255,3685,51.91138267,4.474139046,150,2,J. Gil
0,255,3611,51.91226226,4.473141097,150,4,S. van der Spek
0,256,3623,51.91266283,4.474150697,60,1,H. Braaksma
0,256,3641,51.91222329,4.47428992,150,1,S. Zlatanova
0,256,3685,51.91137604,4.474109709,150,2,J. Gil
0,256,3611,51.91227442,4.473135062,150,4,S. van der Spek
0,257,3623,51.91265085,4.474161426,60,1,H. Braaksma
0,257,3641,51.91222521,4.474305762,150,1,S. Zlatanova
0,257,3685,51.91136967,4.474082552,150,2,J. Gil
0,257,3611,51.91228582,4.473127434,150,4,S. van der Spek
0,258,3623,51.91263408,4.474167377,60,1,H. Braaksma
0,258,3641,51.91222195,4.474319257,150,1,S. Zlatanova
0,258,3685,51.91136548,4.474057322,150,2,J. Gil
0,258,3611,51.9122968,4.473120645,150,4,S. van der Spek
0,259,3623,51.91261799,4.474173496,60,1,H. Braaksma
0,259,3641,51.91221331,4.474329818,150,1,S. Zlatanova
0,259,3685,51.91136112,4.474035949,150,2,J. Gil
0,259,3611,51.91230468,4.473117627,150,4,S. van der Spek
0,260,3623,51.91260634,4.474177938,60,1,H. Braaksma
0,260,3641,51.91220753,4.474340798,150,1,S. Zlatanova
0,260,3685,51.91135333,4.474009965,150,2,J. Gil
0,260,3611,51.91230518,4.473117208,150,4,S. van der Spek
0,261,3623,51.91259511,4.474184057,60,1,H. Braaksma
0,261,3641,51.91220066,4.474348594,150,1,S. Zlatanova
0,261,3685,51.91134771,4.473983394,150,2,J. Gil
0,261,3611,51.91230509,4.47311637,150,4,S. van der Spek
0,262,3623,51.91258346,4.474190846,60,1,H. Braaksma
0,262,3641,51.91219236,4.474358317,150,1,S. Zlatanova
0,262,3685,51.91133807,4.473931342,150,2,J. Gil
0,262,3611,51.91230468,4.473115532,150,4,S. van der Spek
0,263,3623,51.91257206,4.474193528,60,1,H. Braaksma
0,263,3641,51.91218297,4.474367537,150,1,S. Zlatanova
0,263,3685,51.91133246,4.473905778,150,2,J. Gil
0,263,3611,51.912303,4.473114023,150,4,S. van der Spek
0,264,3623,51.91256125,4.474198809,60,1,H. Braaksma
0,264,3641,51.91217207,4.474375248,150,1,S. Zlatanova
0,264,3685,51.91132508,4.473882895,150,2,J. Gil
0,264,3611,51.91230065,4.473116957,150,4,S. van der Spek
0,265,3623,51.91254867,4.474207694,60,1,H. Braaksma
0,265,3641,51.91216419,4.474386647,150,1,S. Zlatanova
0,265,3685,51.91131905,4.473862778,150,2,J. Gil
0,265,3611,51.9123004,4.473123746,150,4,S. van der Spek
0,266,3623,51.91253308,4.474216579,60,1,H. Braaksma
0,266,3641,51.91215405,4.474399807,150,1,S. Zlatanova
0,266,3685,51.91131653,4.473847691,150,2,J. Gil
0,266,3611,51.91229856,4.473136486,150,4,S. van der Spek
0,267,3623,51.91251984,4.474226385,60,1,H. Braaksma
0,267,3641,51.91214626,4.474409949,150,1,S. Zlatanova
0,267,3685,51.91131435,4.473834112,150,2,J. Gil
0,267,3611,51.91229654,4.473147467,150,4,S. van der Spek
0,268,3623,51.91250509,4.474236025,60,1,H. Braaksma
0,268,3641,51.91213955,4.474418163,150,1,S. Zlatanova
0,268,3685,51.91131192,4.473818773,150,2,J. Gil
0,268,3611,51.91229646,4.473156603,150,4,S. van der Spek
0,269,3623,51.91249251,4.474246921,60,1,H. Braaksma
0,269,3641,51.91213117,4.474424031,150,1,S. Zlatanova
0,269,3685,51.91130899,4.47380553,150,2,J. Gil
0,269,3611,51.91228875,4.473167164,150,4,S. van der Spek
0,270,3623,51.91247717,4.474254632,60,1,H. Braaksma
0,270,3641,51.91211876,4.474428641,150,1,S. Zlatanova
0,270,3685,51.9113053,4.473787425,150,2,J. Gil
0,270,3611,51.91227852,4.47317848,150,4,S. van der Spek
0,271,3623,51.91246326,4.474261338,60,1,H. Braaksma
0,271,3641,51.91210401,4.474434173,150,1,S. Zlatanova
0,271,3685,51.9113022,4.47376865,150,2,J. Gil
0,271,3611,51.9122693,4.473190382,150,4,S. van der Spek
0,272,3623,51.91244868,4.474268965,60,1,H. Braaksma
0,272,3641,51.91208918,4.474443141,150,1,S. Zlatanova
0,272,3685,51.91130203,4.473747946,150,2,J. Gil
0,272,3611,51.91225975,4.473197842,150,4,S. van der Spek
0,273,3623,51.91243267,4.474273324,60,1,H. Braaksma
0,273,3641,51.91207384,4.474451439,150,1,S. Zlatanova
0,273,3685,51.91130061,4.47372498,150,2,J. Gil
0,273,3611,51.91224919,4.47320723,150,4,S. van der Spek
0,274,3623,51.91241934,4.474279946,60,1,H. Braaksma
0,274,3641,51.91206118,4.47445605,150,1,S. Zlatanova
0,274,3685,51.91130094,4.473705199,150,2,J. Gil
0,274,3611,51.91224164,4.4732136,150,4,S. van der Spek
0,275,3623,51.91240668,4.474286987,60,1,H. Braaksma
0,275,3641,51.91205179,4.474468287,150,1,S. Zlatanova
0,275,3685,51.91130413,4.473684579,150,2,J. Gil
0,275,3611,51.91223309,4.473221898,150,4,S. van der Spek
0,276,3623,51.91239394,4.474293692,60,1,H. Braaksma
0,276,3641,51.91203947,4.47448195,150,1,S. Zlatanova
0,276,3685,51.9112996,4.473658428,150,2,J. Gil
0,276,3611,51.91222723,4.473229358,150,4,S. van der Spek
0,277,3623,51.91238229,4.474296458,60,1,H. Braaksma
0,277,3641,51.91202338,4.474493936,150,1,S. Zlatanova
0,277,3685,51.91129675,4.473633701,150,2,J. Gil
0,277,3611,51.91222874,4.473242266,150,4,S. van der Spek
0,278,3623,51.91237131,4.474304505,60,1,H. Braaksma
0,278,3641,51.91200988,4.474501815,150,1,S. Zlatanova
0,278,3685,51.91129105,4.473606711,150,2,J. Gil
0,278,3611,51.91223033,4.473249223,150,4,S. van der Spek
0,279,3623,51.91235832,4.474312048,60,1,H. Braaksma
0,279,3641,51.9119953,4.474509778,150,1,S. Zlatanova
0,279,3685,51.91128502,4.473580727,150,2,J. Gil
0,279,3611,51.91223024,4.473249223,150,4,S. van der Spek
0,280,3623,51.91234415,4.474320682,60,1,H. Braaksma
0,280,3641,51.91197879,4.474518243,150,1,S. Zlatanova
0,280,3685,51.91127571,4.47355072,150,2,J. Gil
0,280,3611,51.91222924,4.473255342,150,4,S. van der Spek
0,281,3623,51.91233301,4.474324957,60,1,H. Braaksma
0,281,3641,51.91196353,4.474527379,150,1,S. Zlatanova
0,281,3685,51.91127261,4.473528676,150,2,J. Gil
0,281,3611,51.91222974,4.473258695,150,4,S. van der Spek
0,282,3623,51.91231959,4.474328477,60,1,H. Braaksma
0,282,3641,51.91194987,4.474537019,150,1,S. Zlatanova
0,282,3685,51.91126406,4.473502105,150,2,J. Gil
0,282,3611,51.91223159,4.473260958,150,4,S. van der Spek
0,283,3623,51.91230778,4.474333758,60,1,H. Braaksma
0,283,3641,51.9119378,4.474546909,150,1,S. Zlatanova
0,283,3685,51.91125467,4.473476624,150,2,J. Gil
0,283,3611,51.91223091,4.473261964,150,4,S. van der Spek
0,284,3623,51.9122968,4.474339373,60,1,H. Braaksma
0,284,3641,51.91192213,4.474556968,150,1,S. Zlatanova
0,284,3685,51.91125174,4.473449634,150,2,J. Gil
0,284,3611,51.91223159,4.473262047,150,4,S. van der Spek
0,285,3623,51.91228707,4.474344738,60,1,H. Braaksma
0,285,3641,51.91190721,4.474566691,150,1,S. Zlatanova
0,285,3685,51.91124956,4.473421639,150,2,J. Gil
0,285,3611,51.91223142,4.473261796,150,4,S. van der Spek
0,286,3623,51.91227777,4.474352701,60,1,H. Braaksma
0,286,3641,51.91189287,4.474574234,150,1,S. Zlatanova
0,286,3685,51.91124856,4.473398337,150,2,J. Gil
0,286,3611,51.91223267,4.473261796,150,4,S. van der Spek
0,287,3623,51.91226536,4.474360747,60,1,H. Braaksma
0,287,3641,51.9118746,4.474587897,150,1,S. Zlatanova
0,287,3685,51.91125141,4.473368414,150,2,J. Gil
0,287,3611,51.91223259,4.473262131,150,4,S. van der Spek
0,288,3623,51.91225279,4.474366531,60,1,H. Braaksma
0,288,3641,51.91185725,4.474598709,150,1,S. Zlatanova
0,288,3685,51.91125141,4.473340167,150,2,J. Gil
0,288,3611,51.91223376,4.473264562,150,4,S. van der Spek
0,289,3623,51.91224223,4.47437047,60,1,H. Braaksma
0,289,3641,51.91184233,4.474607008,150,1,S. Zlatanova
0,289,3685,51.91125333,4.473311333,150,2,J. Gil
0,289,3611,51.91223376,4.473264562,150,4,S. van der Spek
0,290,3623,51.912231,4.474376086,60,1,H. Braaksma
0,290,3641,51.9118254,4.474617233,150,1,S. Zlatanova
0,290,3685,51.91125937,4.473287947,150,2,J. Gil
0,290,3611,51.91223376,4.473264562,150,4,S. van der Spek
0,291,3623,51.91221784,4.474385139,60,1,H. Braaksma
0,291,3641,51.91181106,4.474628381,150,1,S. Zlatanova
0,291,3685,51.91126079,4.473262718,150,2,J. Gil
0,291,3611,51.91223376,4.473264562,150,4,S. van der Spek
0,292,3623,51.9122046,4.47439394,60,1,H. Braaksma
0,292,3641,51.91179765,4.474639446,150,1,S. Zlatanova
0,292,3685,51.91126423,4.473237405,150,2,J. Gil
0,292,3611,51.91223376,4.473264562,150,4,S. van der Spek
0,293,3623,51.91219043,4.474400645,60,1,H. Braaksma
0,293,3641,51.91178156,4.47464657,150,1,S. Zlatanova
0,293,3685,51.91127362,4.473212594,150,2,J. Gil
0,293,3611,51.91223376,4.473264562,150,4,S. van der Spek
0,294,3623,51.9121792,4.474409362,60,1,H. Braaksma
0,294,3641,51.91176773,4.474652605,150,1,S. Zlatanova
0,294,3685,51.91128183,4.473185856,150,2,J. Gil
0,294,3611,51.91223376,4.473264562,150,4,S. van der Spek
0,295,3623,51.91216939,4.474413553,60,1,H. Braaksma
0,295,3641,51.91175591,4.474657886,150,1,S. Zlatanova
0,295,3685,51.911282,4.473162554,150,2,J. Gil
0,295,3611,51.91223376,4.473264562,150,4,S. van der Spek
0,296,3623,51.91215866,4.474416235,60,1,H. Braaksma
0,296,3641,51.91174317,4.474659646,150,1,S. Zlatanova
0,296,3685,51.91128083,4.473141432,150,2,J. Gil
0,296,3611,51.91223376,4.473264562,150,4,S. van der Spek
0,297,3623,51.91214668,4.474421516,60,1,H. Braaksma
0,297,3641,51.91173102,4.474657131,150,1,S. Zlatanova
0,297,3685,51.91127177,4.473120058,150,2,J. Gil
0,297,3611,51.91223376,4.473264562,150,4,S. van der Spek
0,298,3623,51.91213628,4.474428138,60,1,H. Braaksma
0,298,3641,51.9117192,4.474655874,150,1,S. Zlatanova
0,298,3685,51.91126431,4.473105641,150,2,J. Gil
0,298,3611,51.91223376,4.473264562,150,4,S. van der Spek
0,299,3623,51.9121274,4.474434089,60,1,H. Braaksma
0,299,3641,51.91170604,4.474655287,150,1,S. Zlatanova
0,299,3685,51.91125912,4.473092649,150,2,J. Gil
0,299,3611,51.91223376,4.473264562,150,4,S. van der Spek
0,300,3623,51.91211742,4.474442471,60,1,H. Braaksma
0,300,3641,51.91168802,4.474651599,150,1,S. Zlatanova
0,300,3685,51.91124805,4.473086614,150,2,J. Gil
0,300,3611,51.91223376,4.473264562,150,4,S. van der Spek
0,301,3623,51.91210594,4.474449679,60,1,H. Braaksma
0,301,3641,51.91167335,4.47464657,150,1,S. Zlatanova
0,301,3685,51.91124537,4.473084267,150,2,J. Gil
0,301,3611,51.91223376,4.473264562,150,4,S. van der Spek
0,302,3623,51.91209261,4.474457977,60,1,H. Braaksma
0,302,3641,51.91165709,4.474641709,150,1,S. Zlatanova
0,302,3685,51.91124512,4.473085608,150,2,J. Gil
0,302,3611,51.91223376,4.473264562,150,4,S. van der Spek
0,303,3623,51.91207929,4.474470047,60,1,H. Braaksma
0,303,3641,51.91164175,4.474636009,150,1,S. Zlatanova
0,303,3611,51.91223376,4.473264562,150,4,S. van der Spek
0,304,3623,51.91206453,4.474478429,60,1,H. Braaksma
0,304,3641,51.91162733,4.474630225,150,1,S. Zlatanova
0,304,3611,51.91223376,4.473264562,150,4,S. van der Spek
0,305,3623,51.91204777,4.474488655,60,1,H. Braaksma
0,305,3641,51.91161225,4.474625783,150,1,S. Zlatanova
0,305,3611,51.91223376,4.473264562,150,4,S. van der Spek
0,306,3623,51.9120352,4.474497121,60,1,H. Braaksma
0,306,3641,51.91159699,4.474623855,150,1,S. Zlatanova
0,306,3611,51.91223376,4.473264562,150,4,S. van der Spek
0,307,3623,51.91202447,4.474503491,60,1,H. Braaksma
0,307,3641,51.9115809,4.47462352,150,1,S. Zlatanova
0,307,3611,51.91223376,4.473264562,150,4,S. van der Spek
0,308,3623,51.91201156,4.474514639,60,1,H. Braaksma
0,308,3641,51.91156447,4.474622095,150,1,S. Zlatanova
0,308,3611,51.91223376,4.473264562,150,4,S. van der Spek
0,309,3623,51.91199949,4.474526541,60,1,H. Braaksma
0,309,3641,51.91154745,4.474620922,150,1,S. Zlatanova
0,309,3611,51.91223376,4.473264562,150,4,S. van der Spek
0,310,3623,51.91198608,4.4745366,60,1,H. Braaksma
0,310,3641,51.91153178,4.474622346,150,1,S. Zlatanova
0,310,3611,51.91223259,4.473262131,150,4,S. van der Spek
0,311,3623,51.91197418,4.474545736,60,1,H. Braaksma
0,311,3641,51.91151585,4.474626202,150,1,S. Zlatanova
0,311,3611,51.91223267,4.473261796,150,4,S. van der Spek
0,312,3623,51.91196118,4.474553447,60,1,H. Braaksma
0,312,3641,51.9115042,4.474634249,150,1,S. Zlatanova
0,312,3611,51.91223142,4.473261796,150,4,S. van der Spek
0,313,3623,51.91194794,4.474562081,60,1,H. Braaksma
0,313,3641,51.91149532,4.474645564,150,1,S. Zlatanova
0,313,3611,51.91223159,4.473262047,150,4,S. van der Spek
0,314,3623,51.91193445,4.474569876,60,1,H. Braaksma
0,314,3641,51.91148451,4.474656461,150,1,S. Zlatanova
0,314,3611,51.91223091,4.473261964,150,4,S. van der Spek
0,315,3623,51.91192313,4.474580856,60,1,H. Braaksma
0,315,3641,51.9114742,4.474669788,150,1,S. Zlatanova
0,315,3611,51.91223159,4.473260958,150,4,S. van der Spek
0,316,3623,51.91191081,4.474591333,60,1,H. Braaksma
0,316,3641,51.91146087,4.474675991,150,1,S. Zlatanova
0,316,3611,51.91222974,4.473258695,150,4,S. van der Spek
0,317,3623,51.91190109,4.474595189,60,1,H. Braaksma
0,317,3641,51.91144989,4.474676326,150,1,S. Zlatanova
0,317,3611,51.91222924,4.473255342,150,4,S. van der Spek
0,318,3623,51.91189086,4.474598709,60,1,H. Braaksma
0,318,3641,51.91144461,4.474669285,150,1,S. Zlatanova
0,318,3611,51.91223024,4.473249223,150,4,S. van der Spek
0,319,3623,51.91187963,4.474603655,60,1,H. Braaksma
0,319,3641,51.91143648,4.474668279,150,1,S. Zlatanova
0,319,3611,51.91223033,4.473249223,150,4,S. van der Spek
0,320,3623,51.9118694,4.474604744,60,1,H. Braaksma
0,320,3641,51.91143103,4.474673141,150,1,S. Zlatanova
0,320,3611,51.91222874,4.473242266,150,4,S. van der Spek
0,321,3623,51.91185817,4.474610528,60,1,H. Braaksma
0,321,3641,51.91142349,4.474676326,150,1,S. Zlatanova
0,321,3611,51.91222723,4.473229358,150,4,S. van der Spek
0,322,3623,51.91184451,4.474616814,60,1,H. Braaksma
0,322,3641,51.91141544,4.474681607,150,1,S. Zlatanova
0,322,3611,51.91223309,4.473221898,150,4,S. van der Spek
0,323,3623,51.91182892,4.474625029,60,1,H. Braaksma
0,323,3641,51.91140588,4.474689737,150,1,S. Zlatanova
0,323,3611,51.91224164,4.4732136,150,4,S. van der Spek
0,324,3623,51.91181601,4.474630058,60,1,H. Braaksma
0,324,3641,51.91139608,4.474697951,150,1,S. Zlatanova
0,324,3611,51.91224919,4.47320723,150,4,S. van der Spek
0,325,3623,51.91180017,4.474638691,60,1,H. Braaksma
0,325,3641,51.9113908,4.47471329,150,1,S. Zlatanova
0,325,3611,51.91225975,4.473197842,150,4,S. van der Spek
0,326,3623,51.9117855,4.474642379,60,1,H. Braaksma
0,326,3641,51.91138535,4.47472821,150,1,S. Zlatanova
0,326,3611,51.9122693,4.473190382,150,4,S. van der Spek
0,327,3623,51.91177226,4.474644559,60,1,H. Braaksma
0,327,3641,51.911383,4.474738352,150,1,S. Zlatanova
0,327,3611,51.91227852,4.47317848,150,4,S. van der Spek
0,328,3623,51.91176044,4.474640451,60,1,H. Braaksma
0,328,3641,51.91137755,4.474752266,150,1,S. Zlatanova
0,328,3611,51.91228875,4.473167164,150,4,S. van der Spek
0,329,3623,51.91175239,4.474637685,60,1,H. Braaksma
0,329,3641,51.91137395,4.474763833,150,1,S. Zlatanova
0,329,3611,51.91229646,4.473156603,150,4,S. van der Spek
0,330,3623,51.91174493,4.474633913,60,1,H. Braaksma
0,330,3641,51.91136389,4.474775065,150,1,S. Zlatanova
0,330,3611,51.91229654,4.473147467,150,4,S. van der Spek
0,331,3623,51.91173269,4.474628046,60,1,H. Braaksma
0,331,3641,51.91135484,4.474790823,150,1,S. Zlatanova
0,331,3611,51.91229856,4.473136486,150,4,S. van der Spek
0,332,3623,51.91171761,4.474621089,60,1,H. Braaksma
0,332,3641,51.91135065,4.474810017,150,1,S. Zlatanova
0,332,3611,51.9123004,4.473123746,150,4,S. van der Spek
0,333,3623,51.91170596,4.474614887,60,1,H. Braaksma
0,333,3641,51.91134905,4.474828374,150,1,S. Zlatanova
0,333,3611,51.91230065,4.473116957,150,4,S. van der Spek
0,334,3623,51.91169405,4.474608935,60,1,H. Braaksma
0,334,3641,51.91134813,4.474840779,150,1,S. Zlatanova
0,334,3611,51.912303,4.473114023,150,4,S. van der Spek
0,335,3623,51.91168014,4.474604242,60,1,H. Braaksma
0,335,3641,51.91134939,4.474861315,150,1,S. Zlatanova
0,335,3611,51.91230468,4.473115532,150,4,S. van der Spek
0,336,3623,51.91166187,4.474601978,60,1,H. Braaksma
0,336,3641,51.91134931,4.474880509,150,1,S. Zlatanova
0,336,3611,51.91230509,4.47311637,150,4,S. van der Spek
0,337,3623,51.91164225,4.474597201,60,1,H. Braaksma
0,337,3641,51.91134914,4.474896686,150,1,S. Zlatanova
0,337,3611,51.91230518,4.473117208,150,4,S. van der Spek
0,338,3623,51.91162524,4.474592423,60,1,H. Braaksma
0,338,3641,51.91135149,4.47491697,150,1,S. Zlatanova
0,338,3611,51.91230468,4.473117627,150,4,S. van der Spek
0,339,3623,51.91160889,4.474587729,60,1,H. Braaksma
0,339,3641,51.91135626,4.474931974,150,1,S. Zlatanova
0,339,3611,51.9122968,4.473120645,150,4,S. van der Spek
0,340,3623,51.91159272,4.474585801,60,1,H. Braaksma
0,340,3641,51.91135727,4.474957623,150,1,S. Zlatanova
0,340,3611,51.91228582,4.473127434,150,4,S. van der Spek
0,341,3623,51.91157612,4.474588064,60,1,H. Braaksma
0,341,3641,51.9113576,4.474981846,150,1,S. Zlatanova
0,341,3611,51.91227442,4.473135062,150,4,S. van der Spek
0,342,3623,51.91155852,4.474590411,60,1,H. Braaksma
0,342,3641,51.91136079,4.475002466,150,1,S. Zlatanova
0,342,3611,51.91226226,4.473141097,150,4,S. van der Spek
0,343,3623,51.91154016,4.474591836,60,1,H. Braaksma
0,343,3641,51.91136079,4.475019816,150,1,S. Zlatanova
0,343,3611,51.91224969,4.473146545,150,4,S. van der Spek
0,344,3623,51.91152113,4.474594519,60,1,H. Braaksma
0,344,3641,51.91136154,4.475038089,150,1,S. Zlatanova
0,344,3611,51.91223687,4.473153334,150,4,S. van der Spek
0,345,3623,51.9115058,4.474590244,60,1,H. Braaksma
0,345,3641,51.91136339,4.475059966,150,1,S. Zlatanova
0,345,3611,51.91222362,4.473161548,150,4,S. van der Spek
0,346,3623,51.9114954,4.474576497,60,1,H. Braaksma
0,346,3641,51.911368,4.47508092,150,1,S. Zlatanova
0,346,3611,51.91221038,4.473170182,150,4,S. van der Spek
0,347,3623,51.91148761,4.474561075,60,1,H. Braaksma
0,347,3641,51.91137219,4.475098439,150,1,S. Zlatanova
0,347,3611,51.9121994,4.473175295,150,4,S. van der Spek
0,348,3623,51.91147705,4.474542802,60,1,H. Braaksma
0,348,3641,51.91136984,4.475112269,150,1,S. Zlatanova
0,348,3611,51.91218909,4.47317848,150,4,S. van der Spek
0,349,3623,51.91146447,4.474526206,60,1,H. Braaksma
0,349,3641,51.91136976,4.475125847,150,1,S. Zlatanova
0,349,3611,51.91217802,4.473184934,150,4,S. van der Spek
0,350,3623,51.91144939,4.474506341,60,1,H. Braaksma
0,350,3641,51.91136909,4.475143952,150,1,S. Zlatanova
0,350,3611,51.91216604,4.473193986,150,4,S. van der Spek
0,351,3623,51.91143648,4.474480776,60,1,H. Braaksma
0,351,3641,51.911368,4.475160716,150,1,S. Zlatanova
0,351,3611,51.91215212,4.473200021,150,4,S. van der Spek
0,352,3623,51.91143019,4.474457558,60,1,H. Braaksma
0,352,3641,51.91136565,4.475169182,150,1,S. Zlatanova
0,352,3611,51.91214131,4.473206727,150,4,S. van der Spek
0,353,3623,51.91142164,4.474440124,60,1,H. Braaksma
0,353,3641,51.9113664,4.475174546,150,1,S. Zlatanova
0,353,3611,51.91213142,4.473216115,150,4,S. van der Spek
0,354,3623,51.91141301,4.474417744,60,1,H. Braaksma
0,354,3641,51.91136708,4.475180916,150,1,S. Zlatanova
0,354,3611,51.91211985,4.473223826,150,4,S. van der Spek
0,355,3623,51.91140639,4.474395532,60,1,H. Braaksma
0,355,3641,51.91136515,4.475186365,150,1,S. Zlatanova
0,355,3611,51.91210795,4.473231453,150,4,S. van der Spek
0,356,3623,51.9114006,4.474374242,60,1,H. Braaksma
0,356,3641,51.91136573,4.475188795,150,1,S. Zlatanova
0,356,3611,51.91209873,4.473239919,150,4,S. van der Spek
0,357,3623,51.91139432,4.474348174,60,1,H. Braaksma
0,357,3641,51.91136263,4.475200446,150,1,S. Zlatanova
0,357,3611,51.912088,4.473249223,150,4,S. van der Spek
0,358,3623,51.91138845,4.474324873,60,1,H. Braaksma
0,358,3641,51.9113602,4.475205056,150,1,S. Zlatanova
0,358,3611,51.91207836,4.473255007,150,4,S. van der Spek
0,359,3623,51.91138208,4.474303583,60,1,H. Braaksma
0,359,3641,51.91135568,4.475214276,150,1,S. Zlatanova
0,359,3611,51.91206663,4.473259617,150,4,S. van der Spek
0,360,3623,51.91137495,4.474281371,60,1,H. Braaksma
0,360,3641,51.91134377,4.475222239,150,1,S. Zlatanova
0,360,3611,51.91205297,4.473263305,150,4,S. van der Spek
0,361,3623,51.91136833,4.474257901,60,1,H. Braaksma
0,361,3641,51.91133321,4.475231376,150,1,S. Zlatanova
0,361,3611,51.91204065,4.473267244,150,4,S. van der Spek
0,362,3623,51.91136129,4.474236611,60,1,H. Braaksma
0,362,3641,51.91132181,4.475238919,150,1,S. Zlatanova
0,362,3611,51.91202883,4.473275458,150,4,S. van der Spek
0,363,3623,51.91135316,4.474218339,60,1,H. Braaksma
0,363,3641,51.91130631,4.475256354,150,1,S. Zlatanova
0,363,3611,51.91201692,4.473283421,150,4,S. van der Spek
0,364,3623,51.91134696,4.474198557,60,1,H. Braaksma
0,364,3641,51.91129885,4.475258952,150,1,S. Zlatanova
0,364,3611,51.91200536,4.473290294,150,4,S. van der Spek
0,365,3623,51.91134067,4.474179028,60,1,H. Braaksma
0,365,3641,51.91128879,4.475267334,150,1,S. Zlatanova
0,365,3611,51.91199471,4.473298844,150,4,S. van der Spek
0,366,3623,51.91133598,4.474157067,60,1,H. Braaksma
0,366,3641,51.9112794,4.475274542,150,1,S. Zlatanova
0,366,3611,51.91198356,4.473308399,150,4,S. van der Spek
0,367,3623,51.91132936,4.474136783,60,1,H. Braaksma
0,367,3641,51.91127328,4.47528284,150,1,S. Zlatanova
0,367,3611,51.91197082,4.473314853,150,4,S. van der Spek
0,368,3623,51.91132307,4.474118929,60,1,H. Braaksma
0,368,3641,51.91126599,4.475289714,150,1,S. Zlatanova
0,368,3611,51.91196051,4.473319799,150,4,S. van der Spek
0,369,3623,51.9113193,4.474097136,60,1,H. Braaksma
0,369,3641,51.91125669,4.475307735,150,1,S. Zlatanova
0,369,3611,51.91194811,4.473323571,150,4,S. van der Spek
0,370,3623,51.91131578,4.474076601,60,1,H. Braaksma
0,370,3641,51.911254,4.475333635,150,1,S. Zlatanova
0,370,3611,51.91193311,4.473326756,150,4,S. van der Spek
0,371,3623,51.91131192,4.474060591,60,1,H. Braaksma
0,371,3641,51.91125132,4.475347381,150,1,S. Zlatanova
0,371,3611,51.91191969,4.473331952,150,4,S. van der Spek
0,372,3623,51.91131033,4.474047096,60,1,H. Braaksma
0,372,3641,51.91124587,4.475354841,150,1,S. Zlatanova
0,372,3611,51.91190586,4.473339748,150,4,S. van der Spek
0,373,3623,51.91130773,4.474032093,60,1,H. Braaksma
0,373,3611,51.91189187,4.473346621,150,4,S. van der Spek
0,374,3623,51.91130497,4.474012563,60,1,H. Braaksma
0,374,3611,51.91187804,4.473353326,150,4,S. van der Spek
0,375,3623,51.91130329,4.473995632,60,1,H. Braaksma
0,375,3611,51.91186337,4.473359948,150,4,S. van der Spek
0,376,3623,51.91129952,4.473976688,60,1,H. Braaksma
0,376,3611,51.91185314,4.473368917,150,4,S. van der Spek
0,377,3623,51.91129357,4.473956069,60,1,H. Braaksma
0,377,3611,51.9118399,4.473376041,150,4,S. van der Spek
0,378,3623,51.91128661,4.473938635,60,1,H. Braaksma
0,378,3611,51.91182666,4.473384675,150,4,S. van der Spek
0,379,3623,51.91128032,4.473919775,60,1,H. Braaksma
0,379,3611,51.91181517,4.473390877,150,4,S. van der Spek
0,380,3623,51.91127588,4.473894462,60,1,H. Braaksma
0,380,3611,51.91180419,4.473398086,150,4,S. van der Spek
0,381,3623,51.91127094,4.473876441,60,1,H. Braaksma
0,381,3611,51.91179355,4.473404121,150,4,S. van der Spek
0,382,3623,51.91126389,4.473861018,60,1,H. Braaksma
0,382,3611,51.91178206,4.473412586,150,4,S. van der Spek
0,383,3623,51.91126163,4.473842746,60,1,H. Braaksma
0,383,3611,51.91176941,4.473422477,150,4,S. van der Spek
0,384,3623,51.91125995,4.473828245,60,1,H. Braaksma
0,384,3611,51.91175776,4.473432871,150,4,S. van der Spek
0,385,3623,51.91126322,4.473814415,60,1,H. Braaksma
0,385,3611,51.91174502,4.47344075,150,4,S. van der Spek
0,386,3623,51.91126674,4.473807458,60,1,H. Braaksma
0,386,3611,51.91173177,4.473445779,150,4,S. van der Spek
0,387,3623,51.9112675,4.473804021,60,1,H. Braaksma
0,387,3611,51.91171752,4.473453239,150,4,S. van der Spek
0,388,3623,51.91126968,4.47380553,60,1,H. Braaksma
0,388,3611,51.91170344,4.473460363,150,4,S. van der Spek
0,389,3623,51.9112727,4.473807374,60,1,H. Braaksma
0,389,3611,51.91168944,4.473468745,150,4,S. van der Spek
0,390,3623,51.91127378,4.473814331,60,1,H. Braaksma
0,390,3611,51.9116762,4.473475451,150,4,S. van der Spek
0,391,3623,51.91127479,4.473806117,60,1,H. Braaksma
0,391,3611,51.91166237,4.473484335,150,4,S. van der Spek
0,392,3623,51.91127596,4.473795639,60,1,H. Braaksma
0,392,3611,51.9116503,4.473490873,150,4,S. van der Spek
0,393,3623,51.91127219,4.473781642,60,1,H. Braaksma
0,393,3611,51.91163873,4.473498836,150,4,S. van der Spek
0,394,3623,51.91126607,4.473766135,60,1,H. Braaksma
0,394,3611,51.91162851,4.473505123,150,4,S. van der Spek
0,395,3623,51.91126188,4.47374694,60,1,H. Braaksma
0,395,3611,51.91161853,4.473511074,150,4,S. van der Spek
0,396,3623,51.91125937,4.473728416,60,1,H. Braaksma
0,396,3611,51.91160906,4.473516941,150,4,S. van der Spek
0,397,3623,51.91125761,4.473705702,60,1,H. Braaksma
0,397,3611,51.91159842,4.473523982,150,4,S. van der Spek
0,398,3623,51.91125426,4.47368416,60,1,H. Braaksma
0,398,3611,51.91158584,4.473530687,150,4,S. van der Spek
0,399,3623,51.91124956,4.473664295,60,1,H. Braaksma
0,399,3611,51.91157243,4.473535884,150,4,S. van der Spek
0,400,3623,51.9112452,4.473646106,60,1,H. Braaksma
0,400,3611,51.91156028,4.473543093,150,4,S. van der Spek
0,401,3623,51.91124168,4.473628923,60,1,H. Braaksma
0,401,3611,51.91154812,4.473551391,150,4,S. van der Spek
0,402,3623,51.91123632,4.473609226,60,1,H. Braaksma
0,402,3611,51.91153438,4.473559689,150,4,S. van der Spek
0,403,3623,51.9112333,4.473583912,60,1,H. Braaksma
0,403,3611,51.91151996,4.47356673,150,4,S. van der Spek
0,404,3623,51.91122852,4.473552648,60,1,H. Braaksma
0,404,3611,51.91150672,4.473569496,150,4,S. van der Spek
0,405,3623,51.91122165,4.47352591,60,1,H. Braaksma
0,405,3611,51.91149507,4.473565975,150,4,S. van der Spek
0,406,3623,51.91121863,4.473505626,60,1,H. Braaksma
0,406,3611,51.91148627,4.473556923,150,4,S. van der Spek
0,407,3623,51.91121461,4.47348509,60,1,H. Braaksma
0,407,3611,51.91147805,4.473543009,150,4,S. van der Spek
0,408,3623,51.91121168,4.473468242,60,1,H. Braaksma
0,408,3611,51.91146975,4.473528424,150,4,S. van der Spek
0,409,3623,51.91120824,4.473450053,60,1,H. Braaksma
0,409,3611,51.91146305,4.473513253,150,4,S. van der Spek
0,410,3623,51.9112053,4.473425997,60,1,H. Braaksma
0,410,3611,51.91145802,4.473500596,150,4,S. van der Spek
0,411,3623,51.91120053,4.473401522,60,1,H. Braaksma
0,411,3611,51.91145483,4.473484,150,4,S. van der Spek
0,412,3623,51.91119843,4.473385597,60,1,H. Braaksma
0,412,3611,51.91145307,4.473462207,150,4,S. van der Spek
0,413,3623,51.91119617,4.473362546,60,1,H. Braaksma
0,413,3611,51.91145416,4.473437481,150,4,S. van der Spek
0,414,3623,51.91119717,4.473338909,60,1,H. Braaksma
0,414,3611,51.91145408,4.473411832,150,4,S. van der Spek
0,415,3623,51.9111981,4.473313764,60,1,H. Braaksma
0,415,3611,51.91144628,4.473393727,150,4,S. van der Spek
0,416,3623,51.91119784,4.473291049,60,1,H. Braaksma
0,416,3611,51.91144578,4.473363636,150,4,S. van der Spek
0,417,3623,51.91119391,4.473269926,60,1,H. Braaksma
0,417,3611,51.91143799,4.473345699,150,4,S. van der Spek
0,418,3623,51.91119525,4.473247547,60,1,H. Braaksma
0,418,3611,51.91142617,4.47333388,150,4,S. van der Spek
0,419,3623,51.9111981,4.473221479,60,1,H. Braaksma
0,419,3611,51.91141745,4.473318458,150,4,S. van der Spek
0,420,3623,51.91120204,4.473196585,60,1,H. Braaksma
0,420,3611,51.911411,4.473302951,150,4,S. van der Spek
0,421,3623,51.91120489,4.473178145,60,1,H. Braaksma
0,421,3611,51.91140178,4.473288367,150,4,S. van der Spek
0,422,3623,51.9112069,4.473163476,60,1,H. Braaksma
0,422,3611,51.91139733,4.473271603,150,4,S. van der Spek
0,423,3623,51.91120606,4.473152496,60,1,H. Braaksma
0,423,3611,51.91138853,4.473259533,150,4,S. van der Spek
0,424,3623,51.91120564,4.473143443,60,1,H. Braaksma
0,424,3611,51.91137772,4.473244026,150,4,S. van der Spek
0,425,3623,51.91120053,4.473141432,60,1,H. Braaksma
0,425,3611,51.91136716,4.473231537,150,4,S. van der Spek
0,426,3623,51.9111981,4.473140929,60,1,H. Braaksma
0,426,3611,51.9113566,4.473220725,150,4,S. van der Spek
0,427,3623,51.91120095,4.473146545,60,1,H. Braaksma
0,427,3611,51.91134704,4.473210583,150,4,S. van der Spek
0,428,3623,51.91120254,4.473148556,60,1,H. Braaksma
0,428,3611,51.91133715,4.473197674,150,4,S. van der Spek
0,429,3623,51.91120472,4.47314579,60,1,H. Braaksma
0,429,3611,51.91133011,4.473189376,150,4,S. van der Spek
0,430,3623,51.91120706,4.47314403,60,1,H. Braaksma
0,430,3611,51.91132198,4.473181413,150,4,S. van der Spek
0,431,3623,51.91120924,4.473140594,60,1,H. Braaksma
0,431,3611,51.91131284,4.473176384,150,4,S. van der Spek
0,432,3623,51.91121168,4.473134978,60,1,H. Braaksma
0,432,3611,51.91131159,4.473168757,150,4,S. van der Spek
0,433,3623,51.91121561,4.473135648,60,1,H. Braaksma
0,433,3611,51.9113074,4.473164314,150,4,S. van der Spek
0,434,3623,51.91121846,4.473134894,60,1,H. Braaksma
0,434,3611,51.91129692,4.473166242,150,4,S. van der Spek
0,435,3623,51.91121989,4.473135732,60,1,H. Braaksma
0,435,3611,51.91128862,4.473166075,150,4,S. van der Spek
0,436,3623,51.91122106,4.473131541,60,1,H. Braaksma
0,436,3611,51.9112815,4.473164147,150,4,S. van der Spek
0,437,3623,51.91122425,4.473129446,60,1,H. Braaksma
0,437,3611,51.91127161,4.473161129,150,4,S. van der Spek
0,438,3623,51.9112224,4.473124584,60,1,H. Braaksma
0,438,3611,51.9112597,4.473120729,150,4,S. van der Spek
0,439,3623,51.9112219,4.473123914,60,1,H. Braaksma
0,439,3611,51.91125677,4.473128021,150,4,S. van der Spek
0,440,3623,51.91122718,4.473126093,60,1,H. Braaksma
